Date,Price,Open,High,Low,Vol.,Change %
31-12-2018,"1,287.70","1,289.60","1,292.60","1,285.80",11.64K,-0.12%
28-12-2018,"1,289.30","1,283.80","1,289.90","1,283.10",4.61K,0.15%
27-12-2018,"1,287.40","1,275.90","1,287.70","1,275.60",5.52K,0.64%
26-12-2018,"1,279.20","1,279.20","1,288.30","1,274.00",4.22K,0.66%
25-12-2018,"1,270.75","1,272.50","1,274.55","1,270.65",-,-0.57%
24-12-2018,"1,278.00","1,266.30","1,279.90","1,266.30",3.90K,1.09%
21-12-2018,"1,264.20","1,270.00","1,272.30","1,263.30",5.35K,-0.78%
"Dec 20, 2018","1,274.20","1,253.30","1,276.30","1,252.50",10.10K,0.92%
"Dec 19, 2018","1,262.60","1,259.90","1,268.20","1,251.60",5.06K,0.22%
"Dec 18, 2018","1,259.80","1,256.10","1,260.20","1,255.20",10.50K,0.14%
"Dec 17, 2018","1,258.00","1,247.40","1,258.30","1,245.90",5.21K,0.84%
"Dec 14, 2018","1,247.50","1,252.20","1,253.30","1,242.50",3.72K,-0.49%
"Dec 13, 2018","1,253.60","1,257.20","1,257.60","1,250.80",3.89K,-0.21%
"Dec 12, 2018","1,256.20","1,254.30","1,258.50","1,253.50",4.90K,0.22%
"Dec 11, 2018","1,253.40","1,256.20","1,261.00","1,252.60",7.13K,-0.18%
"Dec 10, 2018","1,255.60","1,261.50","1,262.30","1,253.20",5.92K,-0.25%
"Dec 07, 2018","1,258.70","1,249.00","1,261.90","1,249.00",7.94K,0.73%
"Dec 06, 2018","1,249.60","1,249.80","1,255.60","1,246.00",5.32K,0.08%
"Dec 05, 2018","1,248.60","1,250.60","1,250.60","1,244.80",1.64K,-0.31%
"Dec 04, 2018","1,252.50","1,242.50","1,253.30","1,241.90",3.67K,0.56%
"Dec 03, 2018","1,245.50","1,233.30","1,246.10","1,233.00",2.38K,1.11%
"Nov 30, 2018","1,231.80","1,235.10","1,236.70","1,227.80",2.62K,-0.36%
"Nov 29, 2018","1,236.30","1,232.90","1,240.50","1,232.90",3.08K,0.05%
"Nov 28, 2018","1,235.70","1,226.60","1,239.40","1,222.80",12.03K,0.82%
"Nov 27, 2018","1,225.70","1,234.50","1,237.20","1,224.00",5.44K,-0.72%
"Nov 26, 2018","1,234.60","1,235.50","1,240.30","1,234.10",5.66K,-0.03%
"Nov 23, 2018","1,235.00","1,238.40","1,240.90","1,233.00",1.79K,0.57%
"Nov 22, 2018","1,228.00","1,226.40","1,229.70","1,225.50",-,-0.94%
"Nov 21, 2018","1,239.70","1,233.30","1,242.30","1,232.70",2.38K,0.55%
"Nov 20, 2018","1,232.90","1,236.40","1,241.00","1,232.00",2.86K,-0.34%
"Nov 19, 2018","1,237.10","1,235.00","1,237.20","1,230.80",3.63K,0.18%
"Nov 16, 2018","1,234.90","1,226.40","1,237.90","1,226.40",3.16K,0.63%
"Nov 15, 2018","1,227.20","1,222.60","1,228.10","1,219.40",1.98K,0.43%
"Nov 14, 2018","1,222.00","1,216.00","1,228.20","1,210.00",1.74K,0.71%
"Nov 13, 2018","1,213.40","1,214.00","1,216.50","1,209.30",6.36K,-0.16%
"Nov 12, 2018","1,215.40","1,223.00","1,223.70","1,212.60",3.32K,-0.44%
"Nov 09, 2018","1,220.80","1,236.10","1,236.10","1,219.50",2.29K,-1.34%
"Nov 08, 2018","1,237.40","1,240.10","1,240.10","1,233.70",3.52K,-0.28%
"Nov 07, 2018","1,240.90","1,245.00","1,247.30","1,239.80",1.54K,0.19%
"Nov 06, 2018","1,238.50","1,243.40","1,249.40","1,238.30",1.33K,-0.49%
"Nov 05, 2018","1,244.60","1,248.50","1,248.50","1,241.00",1.02K,-0.06%
"Nov 02, 2018","1,245.40","1,245.70","1,249.80","1,244.20",1.34K,-0.42%
"Nov 01, 2018","1,250.70","1,228.50","1,251.00","1,228.50",3.76K,1.95%
"Oct 31, 2018","1,226.80","1,230.00","1,232.40","1,225.70",2.21K,-0.86%
"Oct 30, 2018","1,237.40","1,241.70","1,241.70","1,234.10",0.68K,-0.19%
"Oct 29, 2018","1,239.70","1,248.00","1,248.00","1,238.90",0.62K,-0.67%
"Oct 26, 2018","1,248.00","1,249.00","1,257.30","1,246.90",1.12K,0.27%
"Oct 25, 2018","1,244.60","1,252.20","1,252.20","1,242.80",0.61K,0.11%
"Oct 24, 2018","1,243.20","1,246.30","1,248.10","1,241.20",1.05K,-0.46%
"Oct 23, 2018","1,249.00","1,239.40","1,254.00","1,239.00",0.69K,1.00%
"Oct 22, 2018","1,236.60","1,243.70","1,243.70","1,235.40",0.94K,-0.33%
"Oct 19, 2018","1,240.70","1,243.70","1,245.00","1,240.80",0.66K,-0.10%
"Oct 18, 2018","1,242.00","1,238.00","1,244.90","1,233.90",1.35K,0.23%
"Oct 17, 2018","1,239.20","1,236.70","1,244.50","1,236.70",1.08K,-0.29%
"Oct 16, 2018","1,242.80","1,245.20","1,246.80","1,239.00",0.68K,0.05%
"Oct 15, 2018","1,242.20","1,238.10","1,248.30","1,238.10",1.39K,0.68%
"Oct 12, 2018","1,233.80","1,235.90","1,238.70","1,231.70",2.11K,-0.48%
"Oct 11, 2018","1,239.70","1,209.80","1,241.00","1,208.10",4.81K,2.86%
"Oct 10, 2018","1,205.20","1,204.10","1,210.00","1,200.80",2.51K,0.16%
"Oct 09, 2018","1,203.30","1,205.70","1,205.70","1,199.20",1.62K,0.24%
"Oct 08, 2018","1,200.40","1,214.70","1,214.70","1,199.70",2.60K,-1.40%
"Oct 05, 2018","1,217.40","1,214.90","1,221.00","1,213.40",3.51K,0.35%
"Oct 04, 2018","1,213.10","1,213.70","1,222.10","1,211.00",2.29K,-0.10%
"Oct 03, 2018","1,214.30","1,223.10","1,223.10","1,212.30",1.06K,-0.34%
"Oct 02, 2018","1,218.40","1,204.50","1,223.00","1,204.50",1.42K,1.28%
"Oct 01, 2018","1,203.00","1,203.50","1,204.80","1,200.20",1.64K,-0.36%
"Sep 28, 2018","1,207.40","1,197.70","1,209.00","1,196.80",0.55K,0.74%
"Sep 27, 2018","1,198.50","1,211.30","1,211.30","1,196.60",1.15K,-0.97%
"Sep 26, 2018","1,210.30","1,216.90","1,217.90","1,209.90",0.91K,-0.51%
"Sep 25, 2018","1,216.50","1,215.70","1,217.60","1,215.70",0.45K,0.07%
"Sep 24, 2018","1,215.70","1,214.30","1,219.40","1,214.30",1.03K,0.26%
"Sep 21, 2018","1,212.60","1,224.80","1,226.30","1,208.90",1.00K,-0.83%
"Sep 20, 2018","1,222.70","1,221.90","1,223.80","1,218.20",0.49K,0.25%
"Sep 19, 2018","1,219.70","1,218.90","1,221.80","1,217.30",0.41K,0.45%
"Sep 18, 2018","1,214.20","1,216.90","1,218.60","1,214.00",0.46K,-0.24%
"Sep 17, 2018","1,217.10","1,211.10","1,220.60","1,211.10",0.23K,0.39%
"Sep 14, 2018","1,212.40","1,219.80","1,223.50","1,210.70",1.18K,-0.59%
"Sep 13, 2018","1,219.60","1,221.90","1,229.00","1,217.20",1.16K,-0.22%
"Sep 12, 2018","1,222.30","1,211.10","1,224.60","1,209.80",1.14K,0.73%
"Sep 11, 2018","1,213.50","1,212.00","1,213.70","1,204.50",1.64K,0.20%
"Sep 10, 2018","1,211.10","1,212.40","1,213.80","1,209.10",0.71K,-0.05%
"Sep 07, 2018","1,211.70","1,220.10","1,220.10","1,211.30",1.11K,-0.32%
"Sep 06, 2018","1,215.60","1,216.20","1,223.40","1,212.00",0.81K,0.26%
"Sep 05, 2018","1,212.40","1,211.50","1,214.50","1,210.20",0.89K,0.19%
"Sep 04, 2018","1,210.10","1,219.10","1,219.70","1,206.20",0.49K,0.32%
"Sep 03, 2018","1,206.30","1,204.90","1,209.60","1,201.30",-,0.12%
"Sep 02, 2018","1,204.90","1,206.20","1,206.60","1,204.50",-,-1.05%
"Aug 31, 2018","1,217.70","1,218.10","1,221.20","1,216.10",0.18K,0.15%
"Aug 30, 2018","1,215.90","1,221.80","1,222.00","1,215.00",0.75K,-0.55%
"Aug 29, 2018","1,222.60","1,220.10","1,223.40","1,220.10",0.27K,-0.24%
"Aug 28, 2018","1,225.60","1,228.90","1,230.50","1,218.30",1.37K,-0.13%
"Aug 27, 2018","1,227.20","1,224.50","1,229.50","1,222.40",0.16K,0.23%
"Aug 24, 2018","1,224.40","1,201.10","1,225.50","1,201.10",0.15K,1.62%
"Aug 23, 2018","1,204.90","1,206.70","1,208.30","1,202.80",0.07K,-0.77%
"Aug 22, 2018","1,214.30","1,213.20","1,218.70","1,213.00",0.59K,0.27%
"Aug 21, 2018","1,211.00","1,210.90","1,212.90","1,205.70",0.22K,0.45%
"Aug 20, 2018","1,205.60","1,201.30","1,208.00","1,201.30",0.38K,0.87%
"Aug 17, 2018","1,195.20","1,195.20","1,197.20","1,193.10",0.15K,0.02%
"Aug 16, 2018","1,195.00","1,187.70","1,198.50","1,182.70",0.54K,-0.08%
"Aug 15, 2018","1,195.90","1,212.00","1,212.30","1,194.60",1.03K,-1.31%
"Aug 14, 2018","1,211.80","1,212.80","1,215.40","1,210.70",0.33K,0.15%
"Aug 13, 2018","1,210.00","1,225.50","1,225.50","1,209.70",1.46K,-1.65%
"Aug 10, 2018","1,230.30","1,230.00","1,233.70","1,225.50",0.94K,-0.07%
"Aug 09, 2018","1,231.20","1,233.60","1,235.40","1,233.60",0.64K,-0.09%
"Aug 08, 2018","1,232.30","1,228.00","1,232.20","1,228.00",0.76K,0.22%
"Aug 07, 2018","1,229.60","1,233.20","1,233.20","1,229.00",0.66K,0.04%
"Aug 06, 2018","1,229.10","1,233.40","1,235.10","1,227.90",0.24K,-0.45%
"Aug 03, 2018","1,234.60","1,227.70","1,238.70","1,225.90",0.17K,0.26%
"Aug 02, 2018","1,231.40","1,237.50","1,238.10","1,228.20",0.48K,-0.61%
"Aug 01, 2018","1,239.00","1,241.10","1,243.70","1,236.20",0.39K,-0.47%
"Jul 31, 2018","1,244.90","1,240.00","1,248.00","1,239.20",1.14K,0.19%
"Jul 30, 2018","1,242.60","1,241.30","1,244.70","1,241.30",0.68K,-0.11%
"Jul 27, 2018","1,244.00","1,240.50","1,247.10","1,240.50",0.21K,-0.21%
"Jul 26, 2018","1,246.60","1,248.50","1,248.80","1,243.10",0.43K,-0.46%
"Jul 25, 2018","1,252.30","1,246.00","1,254.00","1,246.00",0.72K,0.51%
"Jul 24, 2018","1,246.00","1,245.30","1,249.10","1,243.60",0.48K,0.01%
"Jul 23, 2018","1,245.90","1,253.70","1,253.70","1,245.10",0.75K,-0.49%
"Jul 20, 2018","1,252.00","1,245.50","1,251.50","1,245.40",0.96K,0.52%
"Jul 19, 2018","1,245.50","1,249.00","1,249.00","1,233.10",1.62K,-0.37%
"Jul 18, 2018","1,250.10","1,246.60","1,248.50","1,243.80",0.24K,0.05%
"Jul 17, 2018","1,249.50","1,254.30","1,255.20","1,249.20",1.19K,-1.01%
"Jul 16, 2018","1,262.30","1,266.00","1,267.30","1,261.20",0.64K,-0.13%
"Jul 13, 2018","1,264.00","1,264.20","1,264.50","1,264.20",0.49K,-0.44%
"Jul 12, 2018","1,269.60","1,266.00","1,269.70","1,266.00",0.59K,0.15%
"Jul 11, 2018","1,267.70","1,274.50","1,275.90","1,266.00",0.44K,-0.89%
"Jul 10, 2018","1,279.10","1,278.10","1,279.20","1,278.10",1.64K,-0.31%
"Jul 09, 2018","1,283.10","1,281.60","1,289.50","1,281.60",0.61K,0.32%
"Jul 06, 2018","1,279.00","1,279.50","1,282.30","1,278.60",0.02K,-0.21%
"Jul 05, 2018","1,281.70","1,284.50","1,284.50","1,277.30",0.05K,1.88%
"Jul 04, 2018","1,258.10","1,256.20","1,262.40","1,255.30",-,-1.45%
"Jul 03, 2018","1,276.60","1,265.20","1,276.70","1,265.20",0.33K,0.94%
"Jul 02, 2018","1,264.70","1,271.20","1,271.20","1,264.00",0.14K,-1.06%
"Jun 29, 2018","1,278.30","1,276.00","1,278.70","1,275.10",0.05K,0.28%
"Jun 28, 2018","1,274.70","1,277.80","1,278.10","1,271.70",0.70K,-0.43%
"Jun 27, 2018","1,280.20","1,284.60","1,285.60","1,277.60",0.33K,-0.30%
"Jun 26, 2018","1,284.00","1,288.70","1,289.90","1,282.30",0.02K,-0.71%
"Jun 25, 2018","1,293.20","1,295.00","1,295.00","1,292.10",0.15K,-0.13%
"Jun 22, 2018","1,294.90","1,294.80","1,294.80","1,293.60",0.47K,0.01%
"Jun 21, 2018","1,294.80","1,294.00","1,294.00","1,287.10",0.05K,-0.32%
"Jun 20, 2018","1,299.00","1,300.60","1,300.60","1,300.00",0.17K,-0.32%
"Jun 19, 2018","1,303.20","1,309.40","1,309.40","1,299.10",0.14K,-0.13%
"Jun 18, 2018","1,304.90","1,306.40","1,306.40","1,306.40",0.01K,0.13%
"Jun 15, 2018","1,303.20","1,322.10","1,322.10","1,309.00",0.10K,-2.28%
"Jun 14, 2018","1,333.60","1,328.70","1,337.80","1,328.70",0.31K,0.53%
"Jun 13, 2018","1,326.60","1,323.30","1,323.60","1,323.30",0.46K,0.14%
"Jun 12, 2018","1,324.70","1,326.80","1,327.50","1,325.60",0.41K,-0.29%
"Jun 11, 2018","1,328.50","1,327.40","1,328.80","1,327.40",0.27K,0.06%
"Jun 08, 2018","1,327.70","1,327.70","1,327.70","1,327.70",0.29K,0.01%
"Jun 07, 2018","1,327.60","1,327.50","1,327.50","1,327.50",0.98K,0.10%
"Jun 06, 2018","1,326.30","1,330.00","1,330.00","1,329.40",0.50K,-0.07%
"Jun 05, 2018","1,327.20","1,326.10","1,326.10","1,326.10",0.01K,0.37%
"Jun 04, 2018","1,322.30","1,325.80","1,326.60","1,325.80",0.17K,-0.17%
"Jun 01, 2018","1,324.50","1,323.80","1,323.80","1,323.40",0.31K,-0.39%
"May 31, 2018","1,329.70","1,333.80","1,333.80","1,330.00",0.29K,-0.15%
"May 30, 2018","1,331.70","1,329.50","1,332.30","1,329.50",0.16K,0.19%
"May 29, 2018","1,329.20","1,328.10","1,333.60","1,324.60",0.45K,2.44%
"May 28, 2018","1,297.60","1,298.40","1,299.70","1,294.70",-,-0.05%
"May 27, 2018","1,298.30","1,299.80","1,299.90","1,296.10",-,-2.71%
"May 25, 2018","1,334.40","1,335.50","1,335.50","1,333.30",0.21K,-0.07%
"May 24, 2018","1,335.40","1,327.50","1,336.40","1,327.50",0.23K,1.14%
"May 23, 2018","1,320.40","1,321.10","1,324.80","1,321.10",0.13K,-0.20%
"May 22, 2018","1,323.00","1,319.50","1,325.40","1,319.50",0.02K,0.08%
"May 21, 2018","1,321.90","1,318.00","1,323.10","1,314.50",0.01K,-0.02%
"May 18, 2018","1,322.20","1,317.10","1,322.20","1,317.10",0.23K,0.11%
"May 17, 2018","1,320.80","1,321.10","1,321.10","1,316.00",0.04K,-0.17%
"May 16, 2018","1,323.10","1,321.50","1,323.90","1,317.30",0.29K,0.11%
"May 15, 2018","1,321.70","1,337.20","1,337.20","1,337.20",0.09K,-2.08%
"May 14, 2018","1,349.80","1,352.10","1,352.80","1,345.60",0.31K,-0.19%
"May 11, 2018","1,352.40","1,356.80","1,356.80","1,352.80",0.23K,-0.12%
"May 10, 2018","1,354.00","1,349.80","1,353.80","1,348.80",0.05K,3.26%
"May 09, 2018","1,311.30","1,311.30","1,311.30","1,311.30",0.07K,-2.55%
"May 08, 2018","1,345.60","1,347.70","1,347.70","1,342.90",0.02K,2.55%
"May 07, 2018","1,312.20","1,310.60","1,312.50","1,310.20",0.00K,-2.55%
"May 04, 2018","1,346.50","1,344.40","1,346.50","1,344.40",0.02K,0.17%
"May 03, 2018","1,344.20","1,344.10","1,347.00","1,344.10",0.02K,0.53%
"May 02, 2018","1,337.10","1,336.70","1,345.40","1,336.70",0.04K,-0.08%
"May 01, 2018","1,338.20","1,345.70","1,345.70","1,338.10",0.03K,-0.94%
"Apr 30, 2018","1,350.90","1,349.50","1,349.50","1,346.90",0.18K,-0.32%
"Apr 27, 2018","1,355.30","1,348.80","1,354.20","1,348.80",0.01K,2.96%
"Apr 26, 2018","1,316.30","1,315.70","1,315.80","1,315.70",0.01K,-2.83%
"Apr 25, 2018","1,354.70","1,353.50","1,354.60","1,353.00",0.03K,-0.75%
"Apr 24, 2018","1,364.90","1,361.20","1,364.80","1,361.20",0.01K,0.67%
"Apr 23, 2018","1,355.80","1,367.00","1,367.00","1,357.00",0.12K,-1.04%
"Apr 20, 2018","1,370.00","1,370.00","1,370.50","1,369.20",0.14K,1.72%
"Apr 19, 2018","1,346.80","1,348.60","1,355.20","1,341.60",0.39K,-2.77%
"Apr 18, 2018","1,385.20","1,385.50","1,385.50","1,385.50",0.00K,0.29%
"Apr 17, 2018","1,381.20","1,378.70","1,378.70","1,378.10",0.82K,-0.09%
"Apr 16, 2018","1,382.50","1,380.00","1,382.50","1,378.80",0.07K,0.20%
"Apr 13, 2018","1,379.70","1,375.00","1,380.10","1,369.00",0.01K,0.45%
"Apr 12, 2018","1,373.50","1,378.00","1,378.00","1,369.00",0.09K,-1.31%
"Apr 11, 2018","1,391.70","1,375.90","1,399.00","1,375.90",0.59K,1.04%
"Apr 10, 2018","1,377.40","1,371.10","1,371.10","1,371.10",0.10K,0.43%
"Apr 09, 2018","1,371.50","1,368.00","1,368.00","1,366.80",0.10K,0.28%
"Apr 06, 2018","1,367.70","1,367.60","1,367.70","1,367.50",0.06K,0.57%
"Apr 05, 2018","1,360.00","1,364.40","1,364.40","1,360.90",0.35K,-0.85%
"Apr 04, 2018","1,371.60","1,375.90","1,376.40","1,375.40",0.04K,2.91%
"Apr 03, 2018","1,332.80","1,340.40","1,341.50","1,328.50",0.70K,-3.29%
"Apr 02, 2018","1,378.20","1,368.60","1,369.50","1,368.60",0.06K,1.46%
"Mar 29, 2018","1,358.40","1,358.60","1,358.80","1,357.00",0.02K,-0.21%
"Mar 28, 2018","1,361.20","1,381.50","1,381.50","1,361.00",0.02K,-1.31%
"Mar 27, 2018","1,379.20","1,389.00","1,392.50","1,383.00",0.02K,-0.95%
"Mar 26, 2018","1,392.40","1,389.40","1,391.70","1,389.40",0.36K,0.40%
"Mar 23, 2018","1,386.80","1,378.90","1,385.00","1,378.90",0.02K,1.66%
"Mar 22, 2018","1,364.10","1,365.20","1,365.20","1,363.70",0.05K,0.41%
"Mar 21, 2018","1,358.50","1,351.10","1,359.70","1,351.10",0.13K,0.77%
"Mar 20, 2018","1,348.10","1,347.90","1,347.90","1,347.90",0.21K,-0.41%
"Mar 19, 2018","1,353.60","1,347.20","1,347.20","1,347.20",0.57K,0.40%
"Mar 16, 2018","1,348.20","1,351.90","1,351.90","1,351.90",0.33K,-0.41%
"Mar 15, 2018","1,353.70","1,362.90","1,362.90","1,362.90",0.00K,2.21%
"Mar 14, 2018","1,324.40","1,322.20","1,324.10","1,322.20",0.02K,-0.11%
"Mar 13, 2018","1,325.90","1,325.30","1,325.30","1,325.30",0.01K,-2.28%
"Mar 12, 2018","1,356.90","1,358.80","1,358.80","1,358.80",0.01K,2.61%
"Mar 09, 2018","1,322.40","1,316.80","1,322.20","1,313.00",0.09K,0.19%
"Mar 08, 2018","1,319.90","1,324.80","1,326.80","1,319.30",0.06K,-3.18%
"Mar 07, 2018","1,363.30","1,372.60","1,372.60","1,366.10",0.06K,-0.57%
"Mar 06, 2018","1,371.10","1,369.30","1,369.30","1,369.30",0.00K,1.12%
"Mar 05, 2018","1,355.90","1,363.70","1,363.70","1,360.70",0.01K,2.63%
"Mar 02, 2018","1,321.10","1,314.30","1,323.20","1,314.30",0.16K,1.40%
"Mar 01, 2018","1,302.90","1,310.40","1,318.10","1,301.80",0.04K,-0.96%
"Feb 28, 2018","1,315.50","1,315.40","1,321.00","1,315.40",0.06K,-2.93%
"Feb 27, 2018","1,355.20","1,371.30","1,371.30","1,355.50",0.41K,-0.99%
"Feb 26, 2018","1,368.80","1,367.00","1,376.50","1,367.00",0.37K,3.06%
"Feb 23, 2018","1,328.20","1,328.00","1,332.10","1,327.70",0.43K,-2.87%
"Feb 22, 2018","1,367.50","1,359.00","1,367.30","1,359.00",0.06K,0.04%
"Feb 21, 2018","1,366.90","1,372.10","1,372.10","1,372.10",0.03K,2.87%
"Feb 20, 2018","1,328.80","1,348.40","1,350.20","1,328.50",0.28K,-1.41%
"Feb 19, 2018","1,347.80","1,350.40","1,353.90","1,347.40",-,-0.20%
"Feb 18, 2018","1,350.50","1,349.70","1,352.40","1,349.70",-,-2.87%
"Feb 16, 2018","1,390.40","1,390.90","1,392.40","1,386.40",0.15K,0.10%
"Feb 15, 2018","1,389.00","1,385.00","1,389.90","1,385.00",0.04K,-0.12%
"Feb 14, 2018","1,390.60","1,368.70","1,389.00","1,368.70",0.04K,2.05%
"Feb 13, 2018","1,362.60","1,363.70","1,363.70","1,360.10",0.01K,0.29%
"Feb 12, 2018","1,358.70","1,361.00","1,362.00","1,353.80",0.02K,0.78%
"Feb 09, 2018","1,348.20","1,352.50","1,352.70","1,348.10",0.04K,-0.26%
"Feb 08, 2018","1,351.70","1,350.80","1,350.90","1,345.30",0.11K,0.30%
"Feb 07, 2018","1,347.60","1,365.70","1,365.70","1,349.20",0.04K,-1.08%
"Feb 06, 2018","1,362.30","1,365.80","1,365.80","1,359.80",0.07K,2.20%
"Feb 05, 2018","1,333.00","1,331.10","1,340.20","1,329.00",0.64K,-2.75%
"Feb 02, 2018","1,370.70","1,371.50","1,372.00","1,367.00",0.03K,1.96%
"Feb 01, 2018","1,344.30","1,343.80","1,350.60","1,336.80",1.68K,0.40%
"Jan 31, 2018","1,339.00","1,337.50","1,346.90","1,331.80",4.88K,0.27%
"Jan 30, 2018","1,335.40","1,338.70","1,347.80","1,332.80",52.10K,-3.14%
"Jan 29, 2018","1,378.70","1,379.50","1,379.90","1,379.50",0.06K,2.01%
"Jan 26, 2018","1,351.60","1,351.60","1,352.00","1,350.90",0.00K,-3.61%
"Jan 25, 2018","1,402.20","1,401.10","1,404.40","1,393.30",0.10K,0.47%
"Jan 24, 2018","1,395.70","1,385.30","1,400.40","1,385.30",1.06K,4.49%
"Jan 23, 2018","1,335.70","1,335.80","1,335.90","1,335.80",0.05K,0.36%
"Jan 22, 2018","1,330.90","1,328.40","1,328.40","1,328.40",0.16K,-0.08%
"Jan 19, 2018","1,331.90","1,330.10","1,333.00","1,330.10",0.05K,0.44%
"Jan 18, 2018","1,326.00","1,328.90","1,328.90","1,326.60",0.21K,-0.90%
"Jan 17, 2018","1,338.00","1,334.40","1,334.40","1,326.80",0.03K,0.19%
"Jan 16, 2018","1,335.40","1,331.10","1,332.50","1,331.00",0.01K,-0.48%
"Jan 15, 2018","1,341.80","1,337.30","1,344.90","1,337.00",-,0.33%
"Jan 14, 2018","1,337.40","1,337.70","1,338.60","1,336.40",-,-2.48%
"Jan 12, 2018","1,371.40","1,376.00","1,376.00","1,376.00",0.02K,1.01%
"Jan 11, 2018","1,357.70","1,357.50","1,357.50","1,357.50",0.00K,0.24%
"Jan 10, 2018","1,354.50","1,346.40","1,346.40","1,345.00",0.03K,0.46%
"Jan 09, 2018","1,348.30","1,345.80","1,345.80","1,345.50",0.02K,2.25%
"Jan 08, 2018","1,318.60","1,319.90","1,319.90","1,314.60",0.04K,-0.13%
"Jan 05, 2018","1,320.30","1,320.30","1,320.30","1,320.30",0.00K,-2.63%
"Jan 04, 2018","1,355.90","1,341.70","1,353.30","1,341.70",0.01K,0.22%
"Jan 03, 2018","1,352.90","1,349.90","1,351.60","1,346.80",0.02K,0.22%
"Jan 02, 2018","1,349.90","1,348.70","1,348.70","1,348.70",0.01K,3.15%
"Jan 01, 2018","1,308.70","1,305.80","1,309.70","1,304.60",-,-2.52%
"Dec 29, 2017","1,342.50","1,343.00","1,343.00","1,343.00",0.01K,3.74%
"Dec 28, 2017","1,294.10","1,288.20","1,293.70","1,288.20",0.25K,-2.22%
"Dec 27, 2017","1,323.50","1,322.70","1,322.70","1,321.20",0.01K,0.29%
"Dec 26, 2017","1,319.70","1,315.00","1,318.60","1,315.00",0.01K,3.27%
"Dec 25, 2017","1,277.90","1,278.90","1,279.50","1,277.90",-,-2.52%
"Dec 22, 2017","1,311.00","1,310.60","1,312.10","1,310.60",0.01K,0.64%
"Dec 21, 2017","1,302.60","1,302.50","1,302.50","1,302.50",0.01K,0.08%
"Dec 20, 2017","1,301.60","1,301.60","1,301.60","1,300.90",0.02K,3.24%
"Dec 19, 2017","1,260.70","1,261.10","1,264.30","1,259.50",0.33K,-2.81%
"Dec 18, 2017","1,297.20","1,294.90","1,294.90","1,294.90",0.00K,3.42%
"Dec 15, 2017","1,254.30","1,253.10","1,260.30","1,253.10",0.58K,-2.68%
"Dec 14, 2017","1,288.80","1,287.20","1,288.80","1,284.50",0.15K,3.48%
"Dec 13, 2017","1,245.40","1,241.90","1,254.50","1,239.80",0.35K,-2.21%
"Dec 12, 2017","1,273.50","1,277.60","1,277.60","1,270.10",0.03K,2.40%
"Dec 11, 2017","1,243.70","1,248.40","1,249.20","1,239.90",0.15K,-2.84%
"Dec 08, 2017","1,280.00","1,280.80","1,282.30","1,280.70",0.00K,2.42%
"Dec 07, 2017","1,249.80","1,262.30","1,262.40","1,243.90",0.36K,-1.03%
"Dec 06, 2017","1,262.80","1,264.90","1,267.80","1,261.60",0.37K,-2.63%
"Dec 05, 2017","1,296.90","1,298.50","1,298.80","1,298.50",0.02K,1.77%
"Dec 04, 2017","1,274.30","1,272.50","1,276.10","1,270.30",0.85K,-3.07%
"Dec 01, 2017","1,314.60","1,322.70","1,322.70","1,322.70",0.00K,3.25%
"Nov 30, 2017","1,273.20","1,283.10","1,284.50","1,269.70",3.05K,-0.69%
"Nov 29, 2017","1,282.10","1,293.40","1,296.20","1,281.10",47.24K,-0.97%
"Nov 28, 2017","1,294.70","1,294.70","1,294.70","1,294.70",4.06K,-2.71%
"Nov 27, 2017","1,330.80","1,324.60","1,324.60","1,324.60",0.00K,0.54%
"Nov 24, 2017","1,323.70","1,323.40","1,323.40","1,323.40",0.01K,2.48%
"Nov 23, 2017","1,291.66","1,291.19","1,293.87","1,287.65",-,0.00%
"Nov 22, 2017","1,291.60","1,284.70","1,284.70","1,282.90",0.00K,0.82%
"Nov 21, 2017","1,281.10","1,281.10","1,281.10","1,281.10",3.33K,0.51%
"Nov 20, 2017","1,274.60","1,275.90","1,275.90","1,275.90",0.00K,-1.64%
"Nov 17, 2017","1,295.80","1,288.30","1,288.30","1,288.30",0.00K,1.44%
"Nov 16, 2017","1,277.40","1,277.50","1,277.50","1,277.50",0.04K,0.07%
"Nov 15, 2017","1,276.50","1,281.40","1,284.70","1,275.90",0.01K,-0.39%
"Nov 14, 2017","1,281.50","1,276.90","1,279.10","1,276.90",0.00K,0.33%
"Nov 13, 2017","1,277.30","1,277.00","1,277.00","1,277.00",0.00K,0.39%
"Nov 10, 2017","1,272.40","1,283.50","1,283.50","1,273.80",0.01K,-1.03%
"Nov 09, 2017","1,285.60","1,279.70","1,286.90","1,279.70",0.02K,0.31%
"Nov 08, 2017","1,281.60","1,275.90","1,284.90","1,274.70",0.02K,-2.10%
"Nov 07, 2017","1,309.10","1,313.00","1,313.00","1,313.00",0.00K,2.32%
"Nov 06, 2017","1,279.40","1,269.00","1,280.50","1,269.00",0.13K,1.02%
"Nov 03, 2017","1,266.50","1,265.30","1,267.90","1,265.30",0.08K,-0.66%
"Nov 02, 2017","1,274.90","1,274.90","1,274.90","1,274.90",0.07K,0.06%
"Nov 01, 2017","1,274.10","1,272.20","1,274.80","1,270.30",0.08K,0.56%
"Oct 31, 2017","1,267.00","1,273.10","1,274.60","1,266.10",0.24K,-0.56%
"Oct 30, 2017","1,274.10","1,270.00","1,274.10","1,267.90",0.22K,-2.33%
"Oct 27, 2017","1,304.50","1,302.00","1,302.00","1,302.00",0.00K,0.15%
"Oct 26, 2017","1,302.60","1,300.80","1,301.00","1,300.00",0.01K,2.13%
"Oct 25, 2017","1,275.40","1,269.90","1,275.20","1,269.90",0.11K,0.03%
"Oct 24, 2017","1,275.00","1,275.50","1,275.50","1,273.70",0.11K,-0.21%
"Oct 23, 2017","1,277.70","1,274.70","1,280.80","1,271.50",0.12K,0.02%
"Oct 20, 2017","1,277.40","1,279.60","1,279.60","1,277.80",0.30K,-0.74%
"Oct 19, 2017","1,286.90","1,286.40","1,286.40","1,285.10",0.13K,0.55%
"Oct 18, 2017","1,279.90","1,279.90","1,279.90","1,279.90",0.16K,-0.24%
"Oct 17, 2017","1,283.00","1,295.10","1,295.10","1,283.10",0.57K,-1.30%
"Oct 16, 2017","1,299.90","1,302.00","1,303.80","1,291.90",0.17K,-0.12%
"Oct 13, 2017","1,301.50","1,293.30","1,301.70","1,291.70",0.07K,0.63%
"Oct 12, 2017","1,293.30","1,291.50","1,294.50","1,289.30",0.01K,0.58%
"Oct 11, 2017","1,285.80","1,287.30","1,292.00","1,284.90",0.02K,-0.37%
"Oct 10, 2017","1,290.60","1,282.60","1,293.00","1,281.70",0.02K,0.69%
"Oct 09, 2017","1,281.80","1,280.60","1,284.00","1,279.00",0.02K,0.80%
"Oct 06, 2017","1,271.60","1,267.60","1,272.00","1,260.50",0.05K,0.13%
"Oct 05, 2017","1,269.90","1,277.80","1,277.80","1,267.60",0.04K,-0.30%
"Oct 04, 2017","1,273.70","1,273.80","1,280.80","1,270.00",0.22K,0.17%
"Oct 03, 2017","1,271.50","1,269.70","1,273.30","1,268.60",0.19K,-0.09%
"Oct 02, 2017","1,272.70","1,275.00","1,276.10","1,270.40",0.14K,-0.69%
"Sep 29, 2017","1,281.50","1,284.20","1,289.40","1,281.80",0.49K,-2.95%
"Sep 28, 2017","1,320.40","1,320.10","1,320.10","1,314.00",0.00K,2.88%
"Sep 27, 2017","1,283.40","1,283.40","1,283.40","1,283.40",0.02K,-1.05%
"Sep 26, 2017","1,297.00","1,304.50","1,305.60","1,298.70",0.04K,-0.75%
"Sep 25, 2017","1,306.80","1,293.10","1,309.20","1,291.00",0.05K,1.04%
"Sep 22, 2017","1,293.30","1,295.00","1,295.70","1,293.60",0.21K,0.21%
"Sep 21, 2017","1,290.60","1,299.10","1,304.10","1,290.30",0.34K,-1.63%
"Sep 20, 2017","1,312.00","1,300.90","1,300.90","1,298.70",0.01K,0.44%
"Sep 19, 2017","1,306.20","1,307.90","1,310.30","1,305.10",0.02K,-0.01%
"Sep 18, 2017","1,306.30","1,309.80","1,310.40","1,306.00",0.13K,-1.07%
"Sep 15, 2017","1,320.40","1,320.60","1,321.20","1,319.80",0.02K,-0.32%
"Sep 14, 2017","1,324.70","1,319.60","1,329.30","1,319.60",0.32K,0.10%
"Sep 13, 2017","1,323.40","1,323.40","1,323.40","1,323.40",1.78K,-0.35%
"Sep 12, 2017","1,328.00","1,327.00","1,327.00","1,325.20",0.02K,-0.23%
"Sep 11, 2017","1,331.00","1,330.00","1,330.00","1,327.30",0.01K,-1.11%
"Sep 08, 2017","1,346.00","1,351.00","1,355.80","1,345.60",0.04K,0.07%
"Sep 07, 2017","1,345.10","1,336.40","1,349.00","1,336.40",0.03K,0.84%
"Sep 06, 2017","1,333.90","1,340.00","1,340.30","1,332.60",0.02K,-0.40%
"Sep 05, 2017","1,339.20","1,335.20","1,337.00","1,328.60",0.07K,0.08%
"Sep 04, 2017","1,338.08","1,341.21","1,344.59","1,337.01",-,-0.23%
"Sep 03, 2017","1,341.22","1,340.54","1,342.07","1,338.96",-,1.26%
"Sep 01, 2017","1,324.50","1,320.20","1,327.70","1,316.90",0.04K,0.63%
"Aug 31, 2017","1,316.20","1,306.60","1,322.30","1,301.70",0.31K,0.62%
"Aug 30, 2017","1,308.10","1,308.20","1,312.50","1,304.90",0.37K,-0.38%
"Aug 29, 2017","1,313.10","1,318.80","1,323.80","1,314.00",0.30K,0.26%
"Aug 28, 2017","1,309.70","1,293.50","1,311.30","1,293.50",0.15K,1.33%
"Aug 25, 2017","1,292.50","1,285.40","1,292.70","1,280.30",0.28K,0.47%
"Aug 24, 2017","1,286.50","1,288.70","1,288.70","1,284.00",0.55K,-0.19%
"Aug 23, 2017","1,288.90","1,289.40","1,289.40","1,286.90",0.25K,0.30%
"Aug 22, 2017","1,285.10","1,287.20","1,288.40","1,283.20",0.10K,-0.44%
"Aug 21, 2017","1,290.80","1,285.20","1,290.80","1,284.70",0.02K,0.40%
"Aug 18, 2017","1,285.70","1,288.60","1,300.70","1,284.30",0.36K,-0.05%
"Aug 17, 2017","1,286.40","1,283.80","1,288.50","1,283.20",0.04K,0.74%
"Aug 16, 2017","1,276.90","1,271.30","1,282.60","1,269.40",0.11K,0.25%
"Aug 15, 2017","1,273.70","1,280.50","1,280.50","1,267.40",0.19K,-0.82%
"Aug 14, 2017","1,284.20","1,288.40","1,288.40","1,278.80",0.34K,-0.27%
"Aug 11, 2017","1,287.70","1,286.30","1,291.10","1,282.00",0.14K,0.31%
"Aug 10, 2017","1,283.70","1,276.60","1,287.40","1,274.90",0.61K,0.84%
"Aug 09, 2017","1,273.00","1,260.20","1,277.80","1,260.20",0.57K,1.32%
"Aug 08, 2017","1,256.40","1,256.90","1,264.10","1,251.40",0.56K,-0.14%
"Aug 07, 2017","1,258.20","1,258.70","1,259.10","1,255.30",0.26K,-0.01%
"Aug 04, 2017","1,258.30","1,269.00","1,269.60","1,253.90",0.52K,-0.75%
"Aug 03, 2017","1,267.80","1,265.90","1,269.80","1,256.60",0.88K,-0.31%
"Aug 02, 2017","1,271.80","1,268.50","1,272.10","1,262.90",0.39K,-0.06%
"Aug 01, 2017","1,272.60","1,268.40","1,273.30","1,262.00",1.06K,0.47%
"Jul 31, 2017","1,266.60","1,268.90","1,270.80","1,265.80",7.78K,-0.14%
"Jul 28, 2017","1,268.40","1,258.40","1,270.00","1,256.90",64.18K,0.70%
"Jul 27, 2017","1,259.60","1,259.60","1,259.60","1,259.60",0.11K,0.85%
"Jul 26, 2017","1,249.00","1,244.80","1,247.40","1,244.80",0.01K,-0.22%
"Jul 25, 2017","1,251.70","1,252.70","1,253.60","1,249.20",0.02K,-0.18%
"Jul 24, 2017","1,253.90","1,256.00","1,256.00","1,254.10",0.01K,-0.03%
"Jul 21, 2017","1,254.30","1,250.70","1,251.10","1,250.50",0.02K,0.76%
"Jul 20, 2017","1,244.80","1,236.60","1,236.80","1,236.60",0.01K,0.29%
"Jul 19, 2017","1,241.20","1,240.40","1,240.40","1,240.10",0.00K,0.01%
"Jul 18, 2017","1,241.10","1,236.20","1,241.20","1,236.20",0.03K,0.67%
"Jul 17, 2017","1,232.80","1,229.90","1,233.40","1,229.90",0.01K,0.51%
"Jul 14, 2017","1,226.60","1,214.90","1,227.50","1,214.80",0.02K,0.85%
"Jul 13, 2017","1,216.30","1,221.40","1,221.40","1,216.50",0.01K,-0.15%
"Jul 12, 2017","1,218.10","1,218.30","1,219.40","1,217.90",0.01K,0.37%
"Jul 11, 2017","1,213.60","1,208.70","1,214.90","1,208.70",0.01K,0.12%
"Jul 10, 2017","1,212.10","1,211.40","1,212.00","1,209.60",0.03K,0.29%
"Jul 07, 2017","1,208.60","1,219.10","1,220.40","1,213.20",0.12K,-1.11%
"Jul 06, 2017","1,222.20","1,225.10","1,225.10","1,222.40",0.01K,0.15%
"Jul 05, 2017","1,220.40","1,222.50","1,225.00","1,217.10",0.04K,-0.58%
"Jul 04, 2017","1,227.55","1,224.30","1,228.03","1,221.49",-,0.79%
"Jul 03, 2017","1,217.90","1,236.00","1,236.00","1,218.30",0.03K,-1.84%
"Jun 30, 2017","1,240.70","1,243.70","1,243.70","1,239.10",0.04K,-0.28%
"Jun 29, 2017","1,244.20","1,248.20","1,250.70","1,238.10",0.54K,-0.30%
"Jun 28, 2017","1,248.00","1,248.50","1,248.50","1,248.50",0.01K,0.13%
"Jun 27, 2017","1,246.40","1,251.60","1,251.80","1,245.90",0.11K,0.01%
"Jun 26, 2017","1,246.30","1,260.20","1,260.20","1,241.60",0.19K,-0.79%
"Jun 23, 2017","1,256.20","1,250.00","1,273.60","1,249.80",0.27K,0.69%
"Jun 22, 2017","1,247.60","1,251.00","1,252.70","1,246.30",0.16K,0.34%
"Jun 21, 2017","1,243.40","1,244.10","1,245.00","1,240.00",0.21K,0.19%
"Jun 20, 2017","1,241.00","1,242.20","1,245.50","1,240.50",0.08K,-0.26%
"Jun 19, 2017","1,244.20","1,252.10","1,252.20","1,241.90",0.11K,-0.78%
"Jun 16, 2017","1,254.00","1,252.80","1,255.30","1,251.30",0.03K,0.14%
"Jun 15, 2017","1,252.20","1,263.20","1,264.20","1,250.30",0.74K,-1.62%
"Jun 14, 2017","1,272.80","1,269.40","1,278.00","1,256.80",0.34K,0.55%
"Jun 13, 2017","1,265.80","1,264.10","1,266.90","1,259.70",0.15K,-0.02%
"Jun 12, 2017","1,266.10","1,266.40","1,269.30","1,263.20",0.26K,-0.19%
"Jun 09, 2017","1,268.50","1,277.90","1,277.90","1,264.60",0.47K,-0.61%
"Jun 08, 2017","1,276.30","1,285.40","1,287.60","1,268.10",0.32K,-1.07%
"Jun 07, 2017","1,290.10","1,291.60","1,293.10","1,284.30",0.64K,-0.33%
"Jun 06, 2017","1,294.40","1,279.40","1,295.20","1,279.40",0.94K,1.18%
"Jun 05, 2017","1,279.30","1,279.20","1,282.00","1,277.00",0.43K,0.20%
"Jun 02, 2017","1,276.80","1,265.20","1,279.00","1,259.00",1.73K,0.77%
"Jun 01, 2017","1,267.00","1,268.00","1,269.20","1,260.80",0.83K,-0.39%
"May 31, 2017","1,272.00","1,262.40","1,273.20","1,258.50",2.71K,0.78%
"May 30, 2017","1,262.10","1,267.40","1,270.00","1,258.40",129.82K,-0.36%
"May 29, 2017","1,266.69","1,268.02","1,268.60","1,264.96",-,-0.12%
"May 28, 2017","1,268.22","1,266.31","1,269.02","1,266.31",-,0.05%
"May 26, 2017","1,267.60","1,267.60","1,267.60","1,267.60",0.00K,0.94%
"May 25, 2017","1,255.80","1,257.10","1,258.30","1,256.20",0.01K,0.27%
"May 24, 2017","1,252.40","1,251.90","1,257.80","1,249.70",0.01K,-0.19%
"May 23, 2017","1,254.80","1,261.50","1,261.60","1,250.60",0.02K,-0.47%
"May 22, 2017","1,260.70","1,251.70","1,252.00","1,251.70",0.01K,0.64%
"May 19, 2017","1,252.70","1,252.70","1,252.70","1,252.70",0.03K,0.08%
"May 18, 2017","1,251.70","1,254.80","1,260.00","1,245.80",0.04K,-0.46%
"May 17, 2017","1,257.50","1,241.00","1,259.20","1,240.70",0.03K,1.82%
"May 16, 2017","1,235.00","1,230.40","1,237.30","1,230.40",0.02K,0.52%
"May 15, 2017","1,228.60","1,227.50","1,232.70","1,227.50",0.01K,0.20%
"May 12, 2017","1,226.20","1,228.00","1,229.50","1,226.10",0.03K,0.29%
"May 11, 2017","1,222.70","1,218.50","1,220.00","1,218.30",0.01K,0.44%
"May 10, 2017","1,217.30","1,219.80","1,220.20","1,217.80",0.02K,0.25%
"May 09, 2017","1,214.30","1,226.10","1,226.20","1,214.00",0.06K,-0.90%
"May 08, 2017","1,225.30","1,224.00","1,234.00","1,224.00",0.04K,0.04%
"May 05, 2017","1,224.80","1,227.00","1,233.70","1,225.10",0.02K,-0.14%
"May 04, 2017","1,226.50","1,239.80","1,239.80","1,224.20",0.07K,-1.60%
"May 03, 2017","1,246.40","1,255.10","1,255.80","1,238.70",0.20K,-0.69%
"May 02, 2017","1,255.10","1,256.20","1,256.20","1,251.20",0.09K,0.14%
"May 01, 2017","1,253.30","1,268.70","1,269.30","1,254.00",0.03K,-1.01%
"Apr 28, 2017","1,266.10","1,265.90","1,267.20","1,264.70",0.09K,0.19%
"Apr 27, 2017","1,263.70","1,266.70","1,267.20","1,262.20",0.21K,0.13%
"Apr 26, 2017","1,262.10","1,266.00","1,266.00","1,262.40",0.10K,-0.28%
"Apr 25, 2017","1,265.60","1,275.60","1,276.90","1,262.10",0.36K,-0.80%
"Apr 24, 2017","1,275.80","1,275.00","1,276.40","1,265.00",0.61K,-0.90%
"Apr 21, 2017","1,287.40","1,279.80","1,287.00","1,279.20",0.47K,0.43%
"Apr 20, 2017","1,281.90","1,279.70","1,281.50","1,276.20",0.13K,0.04%
"Apr 19, 2017","1,281.40","1,288.00","1,288.00","1,274.00",0.19K,-0.80%
"Apr 18, 2017","1,291.70","1,283.90","1,290.60","1,278.60",0.39K,0.18%
"Apr 17, 2017","1,289.40","1,291.80","1,294.80","1,284.30",0.07K,-0.02%
"Apr 14, 2017","1,289.65","1,289.65","1,289.65","1,289.65",-,0.29%
"Apr 13, 2017","1,285.90","1,285.30","1,287.60","1,282.00",0.92K,0.83%
"Apr 12, 2017","1,275.30","1,275.00","1,285.10","1,272.00",0.49K,0.32%
"Apr 11, 2017","1,271.20","1,254.50","1,273.50","1,254.50",0.40K,1.61%
"Apr 10, 2017","1,251.10","1,252.70","1,255.20","1,246.80",0.18K,-0.26%
"Apr 07, 2017","1,254.30","1,249.50","1,269.10","1,249.50",0.45K,0.32%
"Apr 06, 2017","1,250.30","1,256.10","1,257.50","1,249.00",0.17K,0.39%
"Apr 05, 2017","1,245.40","1,255.40","1,255.40","1,243.00",0.91K,-0.76%
"Apr 04, 2017","1,255.00","1,253.10","1,260.30","1,253.00",0.72K,0.34%
"Apr 03, 2017","1,250.80","1,247.50","1,252.40","1,243.60",1.16K,0.28%
"Mar 31, 2017","1,247.30","1,242.10","1,248.80","1,238.70",8.22K,0.18%
"Mar 30, 2017","1,245.00","1,253.10","1,253.60","1,241.10",51.33K,-0.67%
"Mar 29, 2017","1,253.40","1,252.20","1,252.20","1,252.10",0.04K,-0.15%
"Mar 28, 2017","1,255.30","1,255.90","1,255.90","1,255.90",0.02K,-0.01%
"Mar 27, 2017","1,255.40","1,255.80","1,257.70","1,253.80",0.07K,0.58%
"Mar 24, 2017","1,248.20","1,248.00","1,248.30","1,247.60",0.00K,0.10%
"Mar 23, 2017","1,246.90","1,246.40","1,247.50","1,244.80",0.02K,-0.19%
"Mar 22, 2017","1,249.30","1,247.90","1,249.50","1,247.70",0.00K,0.26%
"Mar 21, 2017","1,246.10","1,226.40","1,245.20","1,226.40",0.01K,1.01%
"Mar 20, 2017","1,233.60","1,229.30","1,234.40","1,229.30",0.02K,0.31%
"Mar 17, 2017","1,229.80","1,227.10","1,230.90","1,227.10",0.03K,0.27%
"Mar 16, 2017","1,226.50","1,222.20","1,231.40","1,222.20",0.05K,2.20%
"Mar 15, 2017","1,200.10","1,198.20","1,221.20","1,197.70",0.04K,-0.15%
"Mar 14, 2017","1,201.90","1,203.10","1,205.90","1,196.80",0.02K,-0.04%
"Mar 13, 2017","1,202.40","1,206.20","1,210.00","1,202.30",0.04K,0.14%
"Mar 10, 2017","1,200.70","1,196.20","1,203.30","1,196.20",0.00K,-0.14%
"Mar 09, 2017","1,202.40","1,204.50","1,205.60","1,202.30",0.04K,-0.50%
"Mar 08, 2017","1,208.50","1,212.20","1,212.20","1,206.70",0.02K,-0.54%
"Mar 07, 2017","1,215.10","1,224.30","1,225.40","1,213.70",0.05K,-0.77%
"Mar 06, 2017","1,224.50","1,235.20","1,235.20","1,225.70",0.03K,-0.08%
"Mar 03, 2017","1,225.50","1,231.70","1,235.20","1,222.90",0.12K,-0.52%
"Mar 02, 2017","1,231.90","1,247.20","1,247.60","1,230.70",0.08K,-1.36%
"Mar 01, 2017","1,248.90","1,247.80","1,248.30","1,236.90",0.14K,-0.30%
"Feb 28, 2017","1,252.60","1,253.60","1,257.30","1,247.20",0.72K,-0.38%
"Feb 27, 2017","1,257.40","1,254.70","1,263.10","1,250.40",0.54K,0.04%
"Feb 24, 2017","1,256.90","1,250.00","1,258.80","1,250.00",0.09K,0.54%
"Feb 23, 2017","1,250.20","1,236.10","1,250.30","1,236.10",0.11K,1.48%
"Feb 22, 2017","1,232.00","1,236.10","1,238.60","1,231.80",0.04K,-0.44%
"Feb 21, 2017","1,237.50","1,237.30","1,237.30","1,228.10",0.12K,-0.06%
"Feb 20, 2017","1,238.20","1,237.25","1,240.15","1,233.50",-,0.07%
"Feb 19, 2017","1,237.30","1,236.00","1,239.25","1,236.00",-,-0.02%
"Feb 17, 2017","1,237.60","1,240.70","1,241.20","1,234.80",0.30K,-0.19%
"Feb 16, 2017","1,240.00","1,234.50","1,240.70","1,233.20",0.09K,0.67%
"Feb 15, 2017","1,231.70","1,225.50","1,231.50","1,217.30",0.18K,0.64%
"Feb 14, 2017","1,223.90","1,225.90","1,233.50","1,222.10",0.16K,-0.04%
"Feb 13, 2017","1,224.40","1,230.50","1,231.10","1,219.00",0.40K,-0.81%
"Feb 10, 2017","1,234.40","1,227.60","1,234.30","1,221.50",0.39K,-0.06%
"Feb 09, 2017","1,235.10","1,239.40","1,243.50","1,226.90",0.89K,-0.20%
"Feb 08, 2017","1,237.60","1,232.10","1,243.90","1,231.00",0.29K,0.28%
"Feb 07, 2017","1,234.20","1,234.20","1,236.20","1,228.50",1.18K,0.34%
"Feb 06, 2017","1,230.00","1,221.90","1,235.40","1,218.50",0.91K,0.94%
"Feb 03, 2017","1,218.50","1,214.90","1,220.60","1,206.20",0.87K,0.15%
"Feb 02, 2017","1,216.70","1,209.70","1,224.20","1,208.90",1.51K,0.92%
"Feb 01, 2017","1,205.60","1,211.90","1,211.90","1,197.90",1.15K,-0.25%
"Jan 31, 2017","1,208.60","1,194.90","1,214.70","1,193.50",3.21K,1.29%
"Jan 30, 2017","1,193.20","1,191.70","1,198.50","1,187.10",50.50K,0.43%
"Jan 27, 2017","1,188.10","1,187.90","1,188.30","1,187.90",0.02K,-0.12%
"Jan 26, 2017","1,189.50","1,199.70","1,199.70","1,185.60",0.02K,-0.65%
"Jan 25, 2017","1,197.30","1,202.00","1,202.80","1,194.90",0.40K,-1.07%
"Jan 24, 2017","1,210.30","1,219.00","1,219.00","1,207.70",0.02K,-0.39%
"Jan 23, 2017","1,215.00","1,212.00","1,213.60","1,210.00",0.02K,0.89%
"Jan 20, 2017","1,204.30","1,202.80","1,212.10","1,202.80",0.04K,0.28%
"Jan 19, 2017","1,200.90","1,200.50","1,204.00","1,195.80",0.03K,-0.86%
"Jan 18, 2017","1,211.30","1,213.60","1,214.70","1,203.10",0.11K,-0.06%
"Jan 17, 2017","1,212.00","1,205.50","1,214.60","1,200.80",0.08K,0.76%
"Jan 16, 2017","1,202.85","1,203.25","1,208.45","1,200.00",-,-0.04%
"Jan 15, 2017","1,203.35","1,197.30","1,205.05","1,197.30",-,0.67%
"Jan 13, 2017","1,195.30","1,195.70","1,196.00","1,187.70",0.07K,-0.30%
"Jan 12, 2017","1,198.90","1,192.70","1,204.30","1,192.30",0.11K,0.28%
"Jan 11, 2017","1,195.60","1,187.50","1,197.00","1,176.50",0.02K,0.96%
"Jan 10, 2017","1,184.20","1,184.30","1,188.90","1,182.30",0.01K,0.06%
"Jan 09, 2017","1,183.50","1,173.90","1,183.60","1,173.00",0.06K,0.99%
"Jan 06, 2017","1,171.90","1,176.50","1,176.50","1,172.00",0.02K,-0.66%
"Jan 05, 2017","1,179.70","1,172.00","1,183.30","1,171.50",0.50K,1.37%
"Jan 04, 2017","1,163.80","1,156.30","1,165.00","1,156.30",0.04K,0.29%
"Jan 03, 2017","1,160.40","1,155.20","1,160.80","1,146.50",0.05K,0.81%
"Jan 02, 2017","1,151.05","1,151.00","1,153.25","1,150.00",-,0.09%
"Dec 30, 2016","1,150.00","1,162.00","1,162.00","1,151.00",0.02K,-0.55%
"Dec 29, 2016","1,156.40","1,143.80","1,158.80","1,143.60",0.95K,1.49%
"Dec 28, 2016","1,139.40","1,141.20","1,141.20","1,138.00",0.21K,0.18%
"Dec 27, 2016","1,137.30","1,134.30","1,142.20","1,134.30",0.08K,0.24%
"Dec 26, 2016","1,134.55","1,135.00","1,136.05","1,134.00",-,-0.04%
"Dec 25, 2016","1,135.00","1,135.00","1,135.00","1,135.00",-,0.27%
"Dec 23, 2016","1,131.90","1,130.90","1,132.80","1,130.30",0.07K,0.27%
"Dec 22, 2016","1,128.80","1,131.20","1,132.80","1,128.30",0.10K,-0.20%
"Dec 21, 2016","1,131.10","1,136.10","1,136.10","1,130.00",0.05K,-0.04%
"Dec 20, 2016","1,131.50","1,133.50","1,133.50","1,126.50",0.05K,-0.79%
"Dec 19, 2016","1,140.50","1,139.40","1,140.70","1,137.90",0.25K,0.46%
"Dec 16, 2016","1,135.30","1,126.90","1,140.90","1,126.90",0.15K,0.67%
"Dec 15, 2016","1,127.80","1,139.80","1,143.30","1,123.90",0.24K,-2.88%
"Dec 14, 2016","1,161.30","1,159.80","1,164.00","1,142.00",0.49K,0.40%
"Dec 13, 2016","1,156.70","1,163.50","1,164.00","1,155.40",0.64K,-0.58%
"Dec 12, 2016","1,163.50","1,158.30","1,163.90","1,153.00",0.33K,0.35%
"Dec 09, 2016","1,159.40","1,166.60","1,168.80","1,156.00",0.37K,-0.89%
"Dec 08, 2016","1,169.80","1,173.80","1,177.80","1,169.10",0.32K,-0.44%
"Dec 07, 2016","1,175.00","1,167.70","1,178.50","1,166.40",0.18K,0.63%
"Dec 06, 2016","1,167.60","1,170.90","1,174.50","1,167.10",0.65K,-0.55%
"Dec 05, 2016","1,174.00","1,181.80","1,186.70","1,157.00",0.36K,-0.09%
"Dec 02, 2016","1,175.10","1,172.30","1,177.30","1,166.40",1.52K,0.70%
"Dec 01, 2016","1,166.90","1,172.70","1,174.60","1,160.00",1.59K,-0.33%
"Nov 30, 2016","1,170.80","1,187.10","1,193.30","1,167.90",7.16K,-1.44%
"Nov 29, 2016","1,187.90","1,193.20","1,194.80","1,179.40",42.12K,-0.23%
"Nov 28, 2016","1,190.60","1,188.00","1,190.20","1,188.00",0.02K,1.05%
"Nov 25, 2016","1,178.20","1,177.00","1,189.30","1,177.00",0.01K,-0.62%
"Nov 24, 2016","1,185.55","1,189.20","1,190.30","1,179.75",-,-0.30%
"Nov 23, 2016","1,189.10","1,212.80","1,213.80","1,186.80",0.31K,-1.81%
"Nov 22, 2016","1,211.00","1,210.40","1,211.10","1,207.60",0.02K,0.12%
"Nov 21, 2016","1,209.60","1,209.60","1,209.60","1,209.60",-,0.09%
"Nov 18, 2016","1,208.50","1,211.90","1,211.90","1,207.20",0.61K,-0.66%
"Nov 17, 2016","1,216.50","1,224.60","1,225.00","1,211.00",1.14K,-0.56%
"Nov 16, 2016","1,223.40","1,229.30","1,229.30","1,223.00",0.07K,-0.05%
"Nov 15, 2016","1,224.00","1,224.30","1,226.00","1,222.50",0.02K,0.23%
"Nov 14, 2016","1,221.20","1,227.80","1,229.50","1,210.40",0.22K,-0.19%
"Nov 11, 2016","1,223.50","1,253.70","1,258.70","1,219.10",0.60K,-3.32%
"Nov 10, 2016","1,265.50","1,274.40","1,287.50","1,253.30",0.06K,-0.56%
"Nov 09, 2016","1,272.60","1,272.20","1,318.60","1,270.00",0.11K,-0.06%
"Nov 08, 2016","1,273.40","1,284.10","1,289.40","1,273.20",0.05K,-0.38%
"Nov 07, 2016","1,278.30","1,292.00","1,294.50","1,280.20",0.03K,-1.92%
"Nov 04, 2016","1,303.30","1,300.00","1,300.00","1,296.70",0.01K,0.09%
"Nov 03, 2016","1,302.10","1,296.40","1,303.10","1,287.30",0.07K,-0.36%
"Nov 02, 2016","1,306.80","1,288.30","1,307.00","1,288.30",0.03K,1.59%
"Nov 01, 2016","1,286.40","1,279.30","1,290.70","1,279.00",0.05K,1.17%
"Oct 31, 2016","1,271.50","1,276.60","1,276.60","1,272.20",0.06K,-0.31%
"Oct 28, 2016","1,275.50","1,270.30","1,281.50","1,262.00",0.56K,0.60%
"Oct 27, 2016","1,267.90","1,269.40","1,269.40","1,269.40",0.07K,0.25%
"Oct 26, 2016","1,264.80","1,274.00","1,274.00","1,270.00",0.28K,-0.56%
"Oct 25, 2016","1,271.90","1,264.10","1,274.10","1,264.10",0.06K,0.78%
"Oct 24, 2016","1,262.00","1,269.20","1,269.20","1,261.80",0.04K,-0.31%
"Oct 21, 2016","1,265.90","1,265.90","1,265.90","1,265.90",0.22K,0.02%
"Oct 20, 2016","1,265.60","1,270.00","1,270.50","1,265.50",0.42K,-0.18%
"Oct 19, 2016","1,267.90","1,262.90","1,271.50","1,262.90",0.22K,0.56%
"Oct 18, 2016","1,260.80","1,260.90","1,261.70","1,260.90",0.01K,0.51%
"Oct 17, 2016","1,254.40","1,249.90","1,255.00","1,249.90",0.04K,0.10%
"Oct 14, 2016","1,253.10","1,253.90","1,253.90","1,250.60",0.31K,-0.15%
"Oct 13, 2016","1,255.00","1,258.70","1,259.00","1,255.20",0.32K,0.31%
"Oct 12, 2016","1,251.10","1,251.70","1,254.00","1,251.70",0.13K,-0.15%
"Oct 11, 2016","1,253.00","1,258.90","1,258.90","1,253.80",0.03K,-0.36%
"Oct 10, 2016","1,257.50","1,258.80","1,260.40","1,256.90",0.03K,0.69%
"Oct 07, 2016","1,248.90","1,253.90","1,263.60","1,249.50",0.17K,-0.07%
"Oct 06, 2016","1,249.80","1,265.30","1,265.30","1,249.90",0.11K,-1.22%
"Oct 05, 2016","1,265.20","1,272.10","1,274.00","1,261.30",0.25K,-0.09%
"Oct 04, 2016","1,266.30","1,307.60","1,310.20","1,266.30",1.89K,-3.26%
"Oct 03, 2016","1,309.00","1,313.50","1,316.80","1,308.20",0.30K,-0.33%
"Sep 30, 2016","1,313.30","1,320.60","1,327.70","1,312.90",0.87K,-0.64%
"Sep 29, 2016","1,321.70","1,321.20","1,325.00","1,314.70",6.11K,0.17%
"Sep 28, 2016","1,319.40","1,319.40","1,319.40","1,319.40",0.10K,-0.49%
"Sep 27, 2016","1,325.90","1,328.00","1,328.70","1,327.90",0.05K,-1.03%
"Sep 26, 2016","1,339.70","1,335.20","1,341.80","1,335.20",0.02K,0.19%
"Sep 23, 2016","1,337.20","1,337.20","1,337.20","1,337.20",0.04K,-0.24%
"Sep 22, 2016","1,340.40","1,338.60","1,338.60","1,338.20",0.02K,1.02%
"Sep 21, 2016","1,326.90","1,326.30","1,326.30","1,324.00",0.08K,1.00%
"Sep 20, 2016","1,313.70","1,313.70","1,313.70","1,313.70",0.10K,0.02%
"Sep 19, 2016","1,313.50","1,313.50","1,313.50","1,313.50",0.02K,0.59%
"Sep 16, 2016","1,305.80","1,312.20","1,312.60","1,311.90",0.00K,-0.59%
"Sep 15, 2016","1,313.50","1,320.70","1,320.70","1,310.80",0.04K,-0.61%
"Sep 14, 2016","1,321.50","1,319.20","1,322.30","1,319.20",0.07K,0.19%
"Sep 13, 2016","1,319.00","1,324.60","1,324.60","1,315.00",0.08K,-0.15%
"Sep 12, 2016","1,321.00","1,327.00","1,329.30","1,319.90",0.18K,-0.68%
"Sep 09, 2016","1,330.10","1,338.50","1,338.50","1,328.00",0.04K,-0.50%
"Sep 08, 2016","1,336.80","1,344.80","1,345.40","1,335.70",0.03K,-0.56%
"Sep 07, 2016","1,344.30","1,348.40","1,350.50","1,343.90",0.01K,-0.38%
"Sep 06, 2016","1,349.40","1,323.30","1,347.20","1,323.20",0.05K,1.37%
"Sep 05, 2016","1,331.10","1,326.35","1,332.15","1,325.55",-,0.37%
"Sep 04, 2016","1,326.25","1,328.20","1,328.75","1,326.15",-,0.31%
"Sep 02, 2016","1,322.10","1,309.60","1,326.70","1,309.20",0.06K,0.75%
"Sep 01, 2016","1,312.20","1,305.30","1,313.10","1,301.50",0.23K,0.41%
"Aug 31, 2016","1,306.90","1,310.30","1,313.70","1,306.30",0.21K,-0.37%
"Aug 30, 2016","1,311.70","1,322.00","1,322.10","1,308.00",0.71K,-0.85%
"Aug 29, 2016","1,322.90","1,315.00","1,323.00","1,315.00",0.04K,0.11%
"Aug 26, 2016","1,321.50","1,323.80","1,340.50","1,320.10",0.14K,0.11%
"Aug 25, 2016","1,320.10","1,321.40","1,324.00","1,317.00",0.06K,-0.32%
"Aug 24, 2016","1,324.40","1,337.20","1,337.20","1,322.90",0.26K,-1.21%
"Aug 23, 2016","1,340.60","1,337.00","1,341.20","1,334.30",0.55K,0.22%
"Aug 22, 2016","1,337.70","1,334.40","1,337.70","1,333.30",0.12K,-0.20%
"Aug 19, 2016","1,340.40","1,350.10","1,350.10","1,338.60",0.20K,-0.80%
"Aug 18, 2016","1,351.20","1,351.30","1,354.40","1,348.20",0.14K,0.63%
"Aug 17, 2016","1,342.70","1,345.50","1,347.30","1,338.60",0.14K,-0.58%
"Aug 16, 2016","1,350.50","1,342.20","1,355.00","1,341.00",0.34K,0.76%
"Aug 15, 2016","1,340.30","1,336.50","1,340.60","1,333.60",0.06K,0.34%
"Aug 12, 2016","1,335.80","1,336.80","1,351.80","1,333.20",0.11K,-0.50%
"Aug 11, 2016","1,342.50","1,341.60","1,350.40","1,334.80",0.67K,-0.13%
"Aug 10, 2016","1,344.30","1,344.80","1,354.20","1,344.70",0.11K,0.40%
"Aug 09, 2016","1,339.00","1,331.80","1,339.40","1,328.50",0.62K,0.42%
"Aug 08, 2016","1,333.40","1,330.00","1,335.40","1,327.80",0.59K,-0.22%
"Aug 05, 2016","1,336.40","1,357.60","1,360.80","1,333.70",1.11K,-1.65%
"Aug 04, 2016","1,358.80","1,354.40","1,361.60","1,347.00",0.38K,0.20%
"Aug 03, 2016","1,356.10","1,362.40","1,364.70","1,353.30",0.72K,-0.61%
"Aug 02, 2016","1,364.40","1,352.10","1,366.00","1,346.60",2.94K,0.96%
"Aug 01, 2016","1,351.40","1,348.80","1,353.50","1,345.60",1.26K,0.18%
"Jul 29, 2016","1,349.00","1,333.20","1,353.30","1,325.80",6.08K,1.25%
"Jul 28, 2016","1,332.30","1,339.50","1,344.30","1,330.10",56.91K,0.43%
"Jul 27, 2016","1,326.60","1,326.00","1,326.30","1,326.00",0.00K,0.45%
"Jul 26, 2016","1,320.70","1,315.20","1,320.30","1,315.20",0.06K,0.11%
"Jul 25, 2016","1,319.30","1,315.70","1,318.10","1,313.80",0.55K,-0.29%
"Jul 22, 2016","1,323.10","1,330.70","1,330.70","1,320.40",0.06K,-0.56%
"Jul 21, 2016","1,330.50","1,312.80","1,329.50","1,312.80",0.32K,0.89%
"Jul 20, 2016","1,318.80","1,331.00","1,337.50","1,315.50",0.75K,-0.95%
"Jul 19, 2016","1,331.50","1,328.50","1,333.20","1,326.40",0.32K,0.23%
"Jul 18, 2016","1,328.40","1,327.50","1,335.00","1,326.20",0.05K,0.14%
"Jul 15, 2016","1,326.50","1,333.70","1,333.70","1,322.90",0.05K,-0.36%
"Jul 14, 2016","1,331.30","1,341.40","1,341.40","1,322.70",0.02K,-0.83%
"Jul 13, 2016","1,342.40","1,341.50","1,341.50","1,336.70",0.01K,0.62%
"Jul 12, 2016","1,334.10","1,353.60","1,356.00","1,330.30",0.25K,-1.54%
"Jul 11, 2016","1,355.00","1,371.70","1,371.80","1,353.00",0.03K,-0.12%
"Jul 08, 2016","1,356.60","1,361.30","1,365.80","1,335.00",0.25K,-0.26%
"Jul 07, 2016","1,360.10","1,366.80","1,368.60","1,350.50",0.21K,-0.35%
"Jul 06, 2016","1,364.90","1,359.00","1,374.90","1,359.00",0.13K,0.63%
"Jul 05, 2016","1,356.40","1,342.20","1,356.80","1,339.70",0.09K,0.33%
"Jul 04, 2016","1,352.00","1,345.00","1,360.15","1,343.00",-,0.48%
"Jul 03, 2016","1,345.50","1,344.50","1,347.55","1,338.85",-,0.66%
"Jul 01, 2016","1,336.70","1,324.50","1,344.20","1,321.90",0.14K,1.39%
"Jun 30, 2016","1,318.40","1,315.80","1,323.50","1,314.50",0.56K,-0.42%
"Jun 29, 2016","1,323.90","1,311.60","1,327.40","1,311.60",0.41K,0.65%
"Jun 28, 2016","1,315.30","1,314.80","1,315.60","1,314.10",0.02K,-0.54%
"Jun 27, 2016","1,322.50","1,330.00","1,331.70","1,320.00",0.09K,0.19%
"Jun 24, 2016","1,320.00","1,253.70","1,355.60","1,253.70",0.69K,4.66%
"Jun 23, 2016","1,261.20","1,263.40","1,270.50","1,255.20",0.22K,-0.54%
"Jun 22, 2016","1,268.00","1,267.00","1,269.20","1,264.90",0.05K,-0.20%
"Jun 21, 2016","1,270.50","1,293.90","1,293.90","1,266.30",0.13K,-1.51%
"Jun 20, 2016","1,290.00","1,288.90","1,291.20","1,280.30",0.15K,-0.19%
"Jun 17, 2016","1,292.50","1,280.30","1,300.10","1,280.30",0.13K,-0.28%
"Jun 16, 2016","1,296.10","1,296.30","1,316.40","1,281.10",0.25K,0.80%
"Jun 15, 2016","1,285.80","1,284.60","1,296.20","1,278.80",0.16K,0.02%
"Jun 14, 2016","1,285.60","1,281.80","1,289.70","1,277.80",0.55K,0.09%
"Jun 13, 2016","1,284.40","1,276.20","1,287.30","1,273.00",0.33K,0.86%
"Jun 10, 2016","1,273.40","1,267.60","1,278.00","1,265.30",0.40K,0.25%
"Jun 09, 2016","1,270.20","1,262.50","1,271.40","1,258.10",0.38K,0.83%
"Jun 08, 2016","1,259.80","1,247.60","1,264.00","1,247.30",0.41K,1.24%
"Jun 07, 2016","1,244.40","1,244.00","1,244.90","1,236.50",0.28K,-0.02%
"Jun 06, 2016","1,244.60","1,244.40","1,247.30","1,240.00",1.14K,0.36%
"Jun 03, 2016","1,240.10","1,209.10","1,244.50","1,206.40",1.62K,2.50%
"Jun 02, 2016","1,209.80","1,212.40","1,217.00","1,209.60",1.63K,-0.17%
"Jun 01, 2016","1,211.90","1,215.70","1,219.80","1,205.40",2.72K,-0.24%
"May 31, 2016","1,214.80","1,212.50","1,217.60","1,199.00",6.43K,0.22%
"May 30, 2016","1,212.15","1,208.25","1,213.15","1,201.80",-,-0.14%
"May 27, 2016","1,213.80","1,220.30","1,223.20","1,206.40",63.74K,-0.52%
"May 26, 2016","1,220.10","1,232.60","1,232.60","1,230.60",0.00K,-0.28%
"May 25, 2016","1,223.50","1,219.30","1,219.30","1,218.60",0.01K,-0.44%
"May 24, 2016","1,228.90","1,240.00","1,240.00","1,228.20",0.02K,-1.77%
"May 23, 2016","1,251.10","1,251.60","1,251.60","1,247.50",0.06K,-0.10%
"May 20, 2016","1,252.40","1,256.60","1,256.60","1,255.40",0.04K,-0.14%
"May 19, 2016","1,254.20","1,248.00","1,255.50","1,247.50",0.07K,-1.53%
"May 18, 2016","1,273.70","1,276.40","1,276.40","1,256.80",0.02K,-0.20%
"May 17, 2016","1,276.20","1,272.50","1,281.60","1,270.80",0.02K,0.22%
"May 16, 2016","1,273.40","1,272.80","1,287.80","1,272.80",0.04K,0.12%
"May 13, 2016","1,271.90","1,271.40","1,275.70","1,264.60",0.07K,0.13%
"May 12, 2016","1,270.30","1,267.00","1,281.20","1,264.00",0.10K,-0.34%
"May 11, 2016","1,274.60","1,266.90","1,279.20","1,266.90",0.05K,0.85%
"May 10, 2016","1,263.90","1,265.10","1,267.40","1,258.70",0.02K,-0.13%
"May 09, 2016","1,265.60","1,286.50","1,286.50","1,262.30",0.34K,-2.11%
"May 06, 2016","1,292.90","1,278.60","1,295.60","1,276.90",0.31K,1.69%
"May 05, 2016","1,271.40","1,282.90","1,286.00","1,270.80",0.33K,-0.15%
"May 04, 2016","1,273.30","1,286.90","1,290.00","1,273.00",0.11K,-1.35%
"May 03, 2016","1,290.70","1,292.70","1,301.50","1,284.50",0.15K,-0.31%
"May 02, 2016","1,294.70","1,292.10","1,304.40","1,290.40",0.19K,0.43%
"Apr 29, 2016","1,289.20","1,267.30","1,295.50","1,267.20",0.46K,1.87%
"Apr 28, 2016","1,265.50","1,245.90","1,270.10","1,238.50",0.89K,1.30%
"Apr 27, 2016","1,249.20","1,248.60","1,249.50","1,248.60",0.04K,0.56%
"Apr 26, 2016","1,242.20","1,239.80","1,244.20","1,233.00",0.10K,0.27%
"Apr 25, 2016","1,238.90","1,231.60","1,240.90","1,231.60",0.44K,0.83%
"Apr 22, 2016","1,228.70","1,248.50","1,248.50","1,228.00",0.19K,-1.63%
"Apr 21, 2016","1,249.00","1,247.70","1,270.60","1,247.60",0.12K,-0.34%
"Apr 20, 2016","1,253.20","1,256.10","1,256.10","1,243.00",0.18K,0.02%
"Apr 19, 2016","1,253.00","1,231.60","1,256.20","1,228.80",0.39K,1.57%
"Apr 18, 2016","1,233.60","1,238.70","1,241.10","1,232.20",0.30K,0.04%
"Apr 15, 2016","1,233.10","1,225.70","1,235.00","1,225.70",0.10K,0.66%
"Apr 14, 2016","1,225.00","1,231.40","1,243.70","1,224.50",0.26K,-1.75%
"Apr 13, 2016","1,246.80","1,256.50","1,256.90","1,241.30",0.20K,-1.00%
"Apr 12, 2016","1,259.40","1,260.00","1,261.70","1,253.70",0.19K,0.21%
"Apr 11, 2016","1,256.70","1,241.50","1,258.70","1,241.50",0.44K,1.14%
"Apr 08, 2016","1,242.50","1,241.00","1,242.80","1,232.00",0.41K,0.51%
"Apr 07, 2016","1,236.20","1,224.80","1,242.90","1,224.60",0.38K,1.12%
"Apr 06, 2016","1,222.50","1,230.40","1,230.40","1,217.60",0.25K,-0.48%
"Apr 05, 2016","1,228.40","1,215.40","1,236.70","1,215.40",0.48K,0.85%
"Apr 04, 2016","1,218.00","1,221.70","1,222.30","1,215.00",2.04K,-0.34%
"Apr 01, 2016","1,222.20","1,232.30","1,235.20","1,209.20",1.60K,-0.97%
"Mar 31, 2016","1,234.20","1,225.60","1,239.60","1,224.50",3.38K,0.59%
"Mar 30, 2016","1,226.90","1,241.40","1,245.00","1,223.40",48.25K,-0.70%
"Mar 29, 2016","1,235.60","1,217.80","1,217.80","1,217.70",0.04K,1.29%
"Mar 28, 2016","1,219.90","1,211.50","1,222.20","1,210.00",0.03K,0.26%
"Mar 25, 2016","1,216.70","1,216.70","1,216.70","1,216.70",-,-0.38%
"Mar 24, 2016","1,221.40","1,214.20","1,221.30","1,214.20",0.01K,-0.19%
"Mar 23, 2016","1,223.70","1,247.70","1,247.70","1,218.60",0.03K,-1.96%
"Mar 22, 2016","1,248.20","1,244.00","1,252.40","1,243.80",0.02K,0.35%
"Mar 21, 2016","1,243.80","1,256.20","1,256.20","1,243.40",1.06K,-0.80%
"Mar 18, 2016","1,253.80","1,257.10","1,264.40","1,251.50",0.54K,-0.85%
"Mar 17, 2016","1,264.50","1,261.50","1,270.10","1,255.90",0.03K,2.86%
"Mar 16, 2016","1,229.30","1,229.50","1,263.80","1,228.90",0.05K,-0.09%
"Mar 15, 2016","1,230.40","1,228.30","1,236.00","1,228.00",0.04K,-1.13%
"Mar 14, 2016","1,244.40","1,256.00","1,258.00","1,234.50",0.06K,-1.14%
"Mar 11, 2016","1,258.70","1,270.00","1,280.70","1,249.40",0.09K,-1.05%
"Mar 10, 2016","1,272.00","1,250.00","1,273.00","1,237.50",0.12K,1.23%
"Mar 09, 2016","1,256.60","1,254.50","1,260.00","1,244.80",0.08K,-0.44%
"Mar 08, 2016","1,262.10","1,268.70","1,276.30","1,261.00",0.04K,-0.09%
"Mar 07, 2016","1,263.20","1,259.80","1,272.30","1,259.70",0.07K,-0.53%
"Mar 04, 2016","1,269.90","1,263.00","1,279.90","1,250.90",0.27K,0.99%
"Mar 03, 2016","1,257.40","1,238.40","1,267.90","1,238.00",0.12K,1.31%
"Mar 02, 2016","1,241.10","1,232.80","1,242.60","1,226.00",0.27K,0.88%
"Mar 01, 2016","1,230.30","1,240.50","1,248.40","1,229.00",0.48K,-0.29%
"Feb 29, 2016","1,233.90","1,218.60","1,241.00","1,218.60",0.58K,1.16%
"Feb 26, 2016","1,219.80","1,232.40","1,239.10","1,212.20",0.66K,-1.49%
"Feb 25, 2016","1,238.20","1,239.40","1,241.50","1,235.00",0.05K,-0.04%
"Feb 24, 2016","1,238.70","1,230.00","1,250.10","1,230.00",0.11K,1.34%
"Feb 23, 2016","1,222.30","1,207.40","1,226.10","1,207.40",0.35K,1.06%
"Feb 22, 2016","1,209.50","1,226.10","1,226.10","1,203.00",0.28K,-1.70%
"Feb 19, 2016","1,230.40","1,230.80","1,232.80","1,221.80",0.08K,0.35%
"Feb 18, 2016","1,226.10","1,209.60","1,239.20","1,201.60",0.32K,1.24%
"Feb 17, 2016","1,211.10","1,196.50","1,212.90","1,196.50",0.05K,0.26%
"Feb 16, 2016","1,207.90","1,233.10","1,233.60","1,193.60",0.42K,-0.02%
"Feb 15, 2016","1,208.10","1,234.00","1,235.10","1,202.80",-,-2.07%
"Feb 14, 2016","1,233.60","1,235.70","1,235.90","1,231.40",-,-0.44%
"Feb 12, 2016","1,239.10","1,247.80","1,247.80","1,233.50",0.25K,-0.71%
"Feb 11, 2016","1,247.90","1,205.60","1,260.80","1,204.60",1.00K,4.45%
"Feb 10, 2016","1,194.70","1,189.80","1,197.70","1,182.10",0.67K,-0.33%
"Feb 09, 2016","1,198.70","1,188.70","1,199.20","1,186.70",0.70K,0.07%
"Feb 08, 2016","1,197.90","1,173.50","1,200.40","1,165.00",0.93K,3.46%
"Feb 05, 2016","1,157.80","1,155.60","1,174.80","1,146.00",0.88K,0.02%
"Feb 04, 2016","1,157.60","1,142.50","1,157.30","1,141.00",0.77K,1.43%
"Feb 03, 2016","1,141.30","1,128.50","1,146.00","1,125.00",1.63K,1.24%
"Feb 02, 2016","1,127.30","1,128.30","1,131.40","1,123.00",1.23K,-0.05%
"Feb 01, 2016","1,127.90","1,116.70","1,130.00","1,115.30",1.68K,1.03%
"Jan 29, 2016","1,116.40","1,114.40","1,118.60","1,108.80",6.96K,0.07%
"Jan 28, 2016","1,115.60","1,125.40","1,125.70","1,109.80",52.86K,-0.04%
"Jan 27, 2016","1,116.10","1,117.80","1,117.80","1,115.80",0.01K,-0.50%
"Jan 26, 2016","1,121.70","1,115.10","1,115.90","1,114.30",0.18K,1.40%
"Jan 25, 2016","1,106.20","1,099.30","1,109.30","1,099.30",0.01K,0.82%
"Jan 22, 2016","1,097.20","1,098.00","1,103.20","1,098.00",0.00K,-0.17%
"Jan 21, 2016","1,099.10","1,103.60","1,103.60","1,094.10",0.02K,-0.72%
"Jan 20, 2016","1,107.10","1,099.80","1,109.80","1,099.80",0.03K,1.58%
"Jan 19, 2016","1,089.90","1,089.80","1,094.40","1,084.90",0.02K,0.13%
"Jan 18, 2016","1,088.50","1,090.20","1,093.30","1,087.40",-,-0.17%
"Jan 17, 2016","1,090.30","1,088.60","1,090.80","1,088.60",-,-0.11%
"Jan 15, 2016","1,091.50","1,085.00","1,095.80","1,081.80",0.04K,1.64%
"Jan 14, 2016","1,073.90","1,091.50","1,091.50","1,073.70",0.06K,-1.25%
"Jan 13, 2016","1,087.50","1,081.50","1,093.90","1,081.50",0.05K,0.18%
"Jan 12, 2016","1,085.60","1,093.80","1,098.50","1,084.00",0.09K,-0.99%
"Jan 11, 2016","1,096.50","1,105.70","1,107.90","1,096.50",0.04K,-0.12%
"Jan 08, 2016","1,097.80","1,111.10","1,111.10","1,093.00",0.10K,-0.89%
"Jan 07, 2016","1,107.70","1,091.60","1,109.40","1,091.60",0.12K,1.45%
"Jan 06, 2016","1,091.90","1,081.60","1,093.70","1,081.60",0.05K,1.25%
"Jan 05, 2016","1,078.40","1,075.60","1,081.50","1,075.30",0.08K,0.31%
"Jan 04, 2016","1,075.10","1,063.40","1,082.50","1,063.20",0.14K,1.40%
"Dec 31, 2015","1,060.30","1,061.90","1,062.00","1,058.50",0.01K,0.02%
"Dec 30, 2015","1,060.10","1,068.60","1,070.20","1,059.70",0.07K,-1.61%
"Dec 29, 2015","1,077.50","1,079.10","1,079.70","1,079.10",0.07K,0.65%
"Dec 28, 2015","1,070.50","1,077.90","1,098.80","1,073.60",0.36K,-0.62%
"Dec 24, 2015","1,077.20","1,074.30","1,077.80","1,073.50",0.02K,0.73%
"Dec 23, 2015","1,069.40","1,074.50","1,074.80","1,070.00",0.20K,-0.50%
"Dec 22, 2015","1,074.80","1,078.60","1,078.60","1,073.80",0.11K,-0.66%
"Dec 21, 2015","1,081.90","1,070.20","1,081.50","1,070.20",0.03K,1.47%
"Dec 18, 2015","1,066.20","1,053.70","1,070.30","1,052.70",0.25K,1.47%
"Dec 17, 2015","1,050.80","1,072.60","1,072.60","1,050.50",0.06K,-2.52%
"Dec 16, 2015","1,078.00","1,064.80","1,078.70","1,064.30",0.08K,1.42%
"Dec 15, 2015","1,062.90","1,064.60","1,066.20","1,061.80",0.22K,-0.17%
"Dec 14, 2015","1,064.70","1,074.00","1,076.70","1,060.00",0.51K,-1.13%
"Dec 11, 2015","1,076.90","1,067.80","1,079.40","1,064.40",0.41K,0.35%
"Dec 10, 2015","1,073.10","1,073.00","1,076.30","1,071.70",0.23K,-0.42%
"Dec 09, 2015","1,077.60","1,075.10","1,086.00","1,070.60",0.39K,0.12%
"Dec 08, 2015","1,076.30","1,071.00","1,078.40","1,069.60",0.31K,-0.01%
"Dec 07, 2015","1,076.40","1,084.90","1,086.50","1,067.40",0.66K,-0.75%
"Dec 04, 2015","1,084.50","1,063.00","1,088.80","1,058.70",0.89K,2.15%
"Dec 03, 2015","1,061.70","1,054.40","1,064.60","1,046.20",1.16K,0.71%
"Dec 02, 2015","1,054.20","1,068.70","1,069.50","1,049.60",0.50K,-0.90%
"Dec 01, 2015","1,063.80","1,064.60","1,074.60","1,063.40",3.44K,-0.19%
"Nov 30, 2015","1,065.80","1,056.50","1,068.40","1,052.10",4.60K,0.91%
"Nov 27, 2015","1,056.20","1,070.70","1,074.20","1,051.10",52.13K,-1.36%
"Nov 26, 2015","1,070.80","1,070.10","1,074.20","1,069.20",-,0.03%
"Nov 25, 2015","1,070.50","1,070.20","1,072.00","1,068.50",0.06K,-0.35%
"Nov 24, 2015","1,074.30","1,073.20","1,079.40","1,073.20",0.22K,0.70%
"Nov 23, 2015","1,066.80","1,070.00","1,071.50","1,067.30",0.06K,-0.89%
"Nov 20, 2015","1,076.40","1,082.90","1,082.90","1,082.90",0.01K,-0.15%
"Nov 19, 2015","1,078.00","1,077.40","1,082.40","1,077.40",0.01K,0.86%
"Nov 18, 2015","1,068.80","1,064.00","1,071.90","1,064.00",0.01K,0.01%
"Nov 17, 2015","1,068.70","1,075.50","1,075.80","1,065.10",0.01K,-1.38%
"Nov 16, 2015","1,083.70","1,092.00","1,092.40","1,085.40",0.01K,0.27%
"Nov 13, 2015","1,080.80","1,083.10","1,085.90","1,081.30",0.02K,0.00%
"Nov 12, 2015","1,080.80","1,086.00","1,086.60","1,086.00",0.00K,-0.36%
"Nov 11, 2015","1,084.70","1,091.40","1,091.40","1,084.20",0.02K,-0.32%
"Nov 10, 2015","1,088.20","1,090.10","1,091.30","1,085.00",0.02K,0.03%
"Nov 09, 2015","1,087.90","1,088.60","1,088.60","1,088.60",0.01K,0.03%
"Nov 06, 2015","1,087.60","1,105.20","1,109.50","1,084.80",0.08K,-1.52%
"Nov 05, 2015","1,104.40","1,107.90","1,110.70","1,104.50",0.08K,-0.19%
"Nov 04, 2015","1,106.50","1,119.00","1,121.90","1,106.70",0.14K,-0.69%
"Nov 03, 2015","1,114.20","1,133.30","1,134.70","1,114.20",0.19K,-1.90%
"Nov 02, 2015","1,135.80","1,137.90","1,138.70","1,132.60",0.18K,-0.50%
"Oct 30, 2015","1,141.50","1,147.50","1,147.60","1,139.20",0.25K,-0.50%
"Oct 29, 2015","1,147.20","1,158.00","1,162.00","1,144.90",0.33K,-2.54%
"Oct 28, 2015","1,177.10","1,175.10","1,182.70","1,175.10",0.09K,0.88%
"Oct 27, 2015","1,166.80","1,164.50","1,166.10","1,162.00",0.30K,-0.02%
"Oct 26, 2015","1,167.00","1,165.10","1,170.00","1,163.80",0.18K,0.32%
"Oct 23, 2015","1,163.30","1,166.20","1,178.70","1,163.30",0.04K,-0.28%
"Oct 22, 2015","1,166.60","1,166.20","1,168.60","1,163.50",0.05K,-0.09%
"Oct 21, 2015","1,167.60","1,175.90","1,176.40","1,164.90",0.04K,-0.88%
"Oct 20, 2015","1,178.00","1,168.70","1,179.10","1,168.70",0.02K,0.40%
"Oct 19, 2015","1,173.30","1,176.50","1,177.80","1,169.30",0.06K,-0.87%
"Oct 16, 2015","1,183.60","1,182.50","1,184.10","1,176.20",0.24K,-0.36%
"Oct 15, 2015","1,187.90","1,184.20","1,188.30","1,177.80",0.14K,0.66%
"Oct 14, 2015","1,180.10","1,172.40","1,189.00","1,167.30",0.14K,1.23%
"Oct 13, 2015","1,165.80","1,163.50","1,166.20","1,154.90",0.13K,0.08%
"Oct 12, 2015","1,164.90","1,155.90","1,166.80","1,155.90",0.04K,0.74%
"Oct 09, 2015","1,156.30","1,151.60","1,157.20","1,151.60",0.02K,1.01%
"Oct 08, 2015","1,144.70","1,142.70","1,146.70","1,138.70",0.14K,-0.37%
"Oct 07, 2015","1,149.00","1,147.60","1,152.90","1,143.00",0.10K,0.19%
"Oct 06, 2015","1,146.80","1,136.30","1,150.00","1,136.30",0.15K,0.76%
"Oct 05, 2015","1,138.10","1,137.10","1,141.70","1,132.50",0.23K,0.09%
"Oct 02, 2015","1,137.10","1,112.20","1,141.20","1,105.80",0.32K,2.06%
"Oct 01, 2015","1,114.20","1,115.20","1,119.00","1,113.30",1.18K,-0.12%
"Sep 30, 2015","1,115.50","1,124.30","1,126.00","1,112.10",0.87K,-1.03%
"Sep 29, 2015","1,127.10","1,132.20","1,134.40","1,124.30",2.42K,-0.43%
"Sep 28, 2015","1,132.00","1,133.20","1,133.20","1,133.10",0.01K,-1.22%
"Sep 25, 2015","1,146.00","1,149.80","1,149.80","1,143.40",0.06K,-0.68%
"Sep 24, 2015","1,153.80","1,133.00","1,155.90","1,133.00",0.04K,1.96%
"Sep 23, 2015","1,131.60","1,128.60","1,132.20","1,128.30",0.03K,0.59%
"Sep 22, 2015","1,125.00","1,132.60","1,135.00","1,122.50",0.04K,-0.71%
"Sep 21, 2015","1,133.10","1,137.60","1,138.50","1,130.80",0.02K,-0.44%
"Sep 18, 2015","1,138.10","1,128.30","1,141.20","1,127.80",0.06K,1.86%
"Sep 17, 2015","1,117.30","1,118.60","1,130.50","1,117.10",0.01K,-0.17%
"Sep 16, 2015","1,119.20","1,109.80","1,119.90","1,109.80",0.03K,1.49%
"Sep 15, 2015","1,102.80","1,104.50","1,104.50","1,103.00",0.01K,-0.44%
"Sep 14, 2015","1,107.70","1,107.80","1,108.60","1,104.10",0.02K,0.38%
"Sep 11, 2015","1,103.50","1,110.80","1,111.70","1,098.20",0.08K,-0.54%
"Sep 10, 2015","1,109.50","1,107.30","1,113.50","1,105.50",0.06K,0.66%
"Sep 09, 2015","1,102.20","1,123.50","1,123.50","1,102.10",0.15K,-1.62%
"Sep 08, 2015","1,120.40","1,119.80","1,122.50","1,116.40",0.14K,0.04%
"Sep 07, 2015","1,119.90","1,119.50","1,124.00","1,115.20",-,0.00%
"Sep 06, 2015","1,119.90","1,122.30","1,123.10","1,119.60",-,-0.06%
"Sep 04, 2015","1,120.60","1,123.40","1,125.20","1,116.20",0.05K,-0.28%
"Sep 03, 2015","1,123.70","1,130.30","1,132.90","1,120.30",0.12K,-0.78%
"Sep 02, 2015","1,132.50","1,137.30","1,140.40","1,130.80",0.20K,-0.54%
"Sep 01, 2015","1,138.70","1,133.50","1,144.70","1,133.50",0.38K,0.63%
"Aug 31, 2015","1,131.60","1,131.10","1,134.00","1,124.80",0.19K,-0.13%
"Aug 28, 2015","1,133.10","1,125.30","1,139.00","1,123.60",0.28K,0.95%
"Aug 27, 2015","1,122.40","1,127.20","1,127.40","1,118.40",0.13K,-0.20%
"Aug 26, 2015","1,124.60","1,139.20","1,143.00","1,119.60",0.12K,-1.19%
"Aug 25, 2015","1,138.20","1,151.50","1,155.50","1,134.00",0.22K,-1.32%
"Aug 24, 2015","1,153.40","1,164.00","1,169.00","1,147.50",0.30K,-0.53%
"Aug 21, 2015","1,159.60","1,154.10","1,166.50","1,150.50",0.26K,0.57%
"Aug 20, 2015","1,153.00","1,132.80","1,153.30","1,132.80",0.41K,2.21%
"Aug 19, 2015","1,128.10","1,117.00","1,134.30","1,116.80",0.35K,0.98%
"Aug 18, 2015","1,117.10","1,118.20","1,118.40","1,110.00",0.48K,-0.13%
"Aug 17, 2015","1,118.60","1,113.80","1,122.00","1,113.80",0.40K,0.51%
"Aug 14, 2015","1,112.90","1,113.90","1,118.80","1,112.50",0.91K,-0.25%
"Aug 13, 2015","1,115.70","1,124.30","1,124.30","1,113.00",0.44K,-0.67%
"Aug 12, 2015","1,123.20","1,106.00","1,124.50","1,101.50",0.80K,1.41%
"Aug 11, 2015","1,107.60","1,103.80","1,116.70","1,094.00",1.00K,0.31%
"Aug 10, 2015","1,104.20","1,093.20","1,107.60","1,089.50",0.90K,0.92%
"Aug 07, 2015","1,094.10","1,088.90","1,098.30","1,081.70",0.61K,0.36%
"Aug 06, 2015","1,090.20","1,084.40","1,092.20","1,083.60",0.27K,0.41%
"Aug 05, 2015","1,085.70","1,086.50","1,090.60","1,082.50",1.21K,-0.46%
"Aug 04, 2015","1,090.70","1,085.10","1,093.90","1,080.50",1.14K,0.12%
"Aug 03, 2015","1,089.40","1,095.50","1,097.10","1,085.00",2.42K,-0.50%
"Jul 31, 2015","1,094.90","1,087.70","1,102.80","1,079.10",5.70K,0.60%
"Jul 30, 2015","1,088.40","1,096.10","1,097.50","1,081.00",49.30K,-0.39%
"Jul 29, 2015","1,092.70","1,096.40","1,096.90","1,093.60",0.01K,-0.33%
"Jul 28, 2015","1,096.30","1,097.20","1,097.70","1,097.00",0.03K,-0.02%
"Jul 27, 2015","1,096.50","1,100.00","1,102.50","1,093.90",0.02K,1.00%
"Jul 24, 2015","1,085.60","1,078.60","1,100.70","1,078.60",0.05K,-0.77%
"Jul 23, 2015","1,094.00","1,097.40","1,097.60","1,087.80",0.06K,0.24%
"Jul 22, 2015","1,091.40","1,093.00","1,095.00","1,086.00",0.05K,-1.09%
"Jul 21, 2015","1,103.40","1,097.10","1,106.40","1,097.10",0.12K,-0.30%
"Jul 20, 2015","1,106.70","1,130.40","1,130.70","1,095.10",0.19K,-2.22%
"Jul 17, 2015","1,131.80","1,144.00","1,144.00","1,130.20",0.12K,-1.05%
"Jul 16, 2015","1,143.80","1,146.20","1,146.20","1,142.90",0.01K,-0.30%
"Jul 15, 2015","1,147.20","1,154.00","1,154.20","1,144.80",0.02K,-0.53%
"Jul 14, 2015","1,153.30","1,157.20","1,157.20","1,153.00",0.04K,-0.16%
"Jul 13, 2015","1,155.20","1,159.00","1,159.00","1,151.20",0.01K,-0.22%
"Jul 10, 2015","1,157.70","1,160.10","1,162.90","1,157.50",0.03K,-0.11%
"Jul 09, 2015","1,159.00","1,154.80","1,163.60","1,154.80",0.07K,-0.37%
"Jul 08, 2015","1,163.30","1,152.60","1,161.70","1,146.40",0.07K,0.95%
"Jul 07, 2015","1,152.40","1,166.80","1,166.80","1,149.50",0.47K,-1.75%
"Jul 06, 2015","1,172.90","1,163.90","1,173.00","1,162.20",0.63K,0.44%
"Jul 03, 2015","1,167.80","1,164.70","1,169.00","1,164.60",-,0.41%
"Jul 02, 2015","1,163.00","1,166.40","1,168.10","1,155.50",0.32K,-0.51%
"Jul 01, 2015","1,169.00","1,173.10","1,173.10","1,166.60",0.46K,-0.21%
"Jun 30, 2015","1,171.50","1,176.30","1,176.40","1,166.60",0.22K,-0.59%
"Jun 29, 2015","1,178.50","1,185.10","1,186.00","1,173.80",0.17K,0.48%
"Jun 26, 2015","1,172.90","1,170.50","1,170.50","1,170.50",0.03K,0.12%
"Jun 25, 2015","1,171.50","1,175.80","1,175.90","1,171.70",0.10K,-0.09%
"Jun 24, 2015","1,172.60","1,176.60","1,177.40","1,170.70",0.26K,-0.31%
"Jun 23, 2015","1,176.20","1,183.80","1,186.00","1,176.80",0.06K,-0.63%
"Jun 22, 2015","1,183.70","1,197.80","1,197.80","1,182.70",0.03K,-1.48%
"Jun 19, 2015","1,201.50","1,199.70","1,203.10","1,199.70",0.14K,0.00%
"Jun 18, 2015","1,201.50","1,183.40","1,202.00","1,183.40",0.13K,2.13%
"Jun 17, 2015","1,176.40","1,177.60","1,186.30","1,174.90",0.17K,-0.35%
"Jun 16, 2015","1,180.50","1,186.50","1,186.50","1,175.90",0.03K,-0.40%
"Jun 15, 2015","1,185.30","1,179.90","1,188.50","1,172.70",0.10K,0.55%
"Jun 12, 2015","1,178.80","1,180.40","1,181.20","1,176.20",0.14K,-0.09%
"Jun 11, 2015","1,179.90","1,183.20","1,183.20","1,174.40",0.07K,-0.52%
"Jun 10, 2015","1,186.10","1,176.10","1,190.10","1,175.60",0.30K,0.75%
"Jun 09, 2015","1,177.30","1,172.90","1,181.60","1,172.70",0.14K,0.35%
"Jun 08, 2015","1,173.20","1,169.50","1,176.10","1,169.10",0.17K,0.46%
"Jun 05, 2015","1,167.80","1,176.40","1,177.30","1,163.30",0.39K,-0.60%
"Jun 04, 2015","1,174.90","1,184.90","1,185.50","1,173.00",0.45K,-0.83%
"Jun 03, 2015","1,184.70","1,193.90","1,193.90","1,179.10",0.63K,-0.79%
"Jun 02, 2015","1,194.10","1,189.00","1,194.90","1,186.00",1.00K,0.49%
"Jun 01, 2015","1,188.30","1,190.60","1,204.00","1,184.30",1.24K,-0.09%
"May 29, 2015","1,189.40","1,187.80","1,193.30","1,185.70",4.75K,0.11%
"May 28, 2015","1,188.10","1,187.10","1,192.00","1,179.60",52.71K,0.19%
"May 27, 2015","1,185.90","1,185.90","1,185.90","1,185.90",0.03K,-0.11%
"May 26, 2015","1,187.20","1,193.60","1,195.00","1,186.00",0.04K,-1.67%
"May 25, 2015","1,207.40","1,204.60","1,209.00","1,203.30",-,0.25%
"May 24, 2015","1,204.40","1,205.80","1,205.80","1,203.90",-,0.01%
"May 22, 2015","1,204.30","1,211.60","1,211.90","1,205.70",0.01K,-0.01%
"May 21, 2015","1,204.40","1,204.50","1,204.50","1,203.70",0.04K,-0.37%
"May 20, 2015","1,208.90","1,205.10","1,210.80","1,205.10",0.01K,0.17%
"May 19, 2015","1,206.90","1,223.90","1,223.90","1,206.00",0.01K,-1.70%
"May 18, 2015","1,227.80","1,224.50","1,228.10","1,222.60",0.01K,0.19%
"May 15, 2015","1,225.50","1,218.50","1,224.70","1,214.80",0.01K,0.01%
"May 14, 2015","1,225.40","1,214.50","1,225.60","1,214.50",0.04K,0.57%
"May 13, 2015","1,218.40","1,192.70","1,217.30","1,191.00",0.03K,2.16%
"May 12, 2015","1,192.60","1,194.60","1,194.80","1,189.70",0.01K,0.79%
"May 11, 2015","1,183.20","1,189.70","1,190.50","1,179.30",0.03K,-0.50%
"May 08, 2015","1,189.10","1,183.30","1,187.50","1,182.90",0.05K,0.57%
"May 07, 2015","1,182.40","1,181.50","1,186.00","1,179.70",0.04K,-0.66%
"May 06, 2015","1,190.30","1,194.50","1,194.60","1,189.90",0.01K,-0.24%
"May 05, 2015","1,193.20","1,187.50","1,198.70","1,186.90",0.05K,0.54%
"May 04, 2015","1,186.80","1,177.50","1,189.40","1,177.50",0.04K,1.05%
"May 01, 2015","1,174.50","1,178.10","1,178.10","1,170.00",0.02K,-0.67%
"Apr 30, 2015","1,182.40","1,203.10","1,205.90","1,176.70",0.14K,-2.26%
"Apr 29, 2015","1,209.80","1,211.20","1,212.60","1,201.90",0.11K,-0.35%
"Apr 28, 2015","1,214.00","1,199.70","1,205.90","1,199.70",0.01K,0.89%
"Apr 27, 2015","1,203.30","1,182.30","1,206.70","1,181.40",0.19K,2.39%
"Apr 24, 2015","1,175.20","1,192.30","1,194.70","1,174.60",0.05K,-1.61%
"Apr 23, 2015","1,194.40","1,187.20","1,197.00","1,186.10",0.33K,0.63%
"Apr 22, 2015","1,186.90","1,199.10","1,202.60","1,185.20",0.09K,-1.33%
"Apr 21, 2015","1,202.90","1,193.20","1,202.20","1,192.80",0.03K,0.79%
"Apr 20, 2015","1,193.50","1,205.70","1,206.90","1,191.00",0.07K,-0.78%
"Apr 17, 2015","1,202.90","1,200.20","1,206.00","1,200.20",0.02K,0.41%
"Apr 16, 2015","1,198.00","1,204.30","1,208.50","1,194.60",0.20K,-0.29%
"Apr 15, 2015","1,201.50","1,194.60","1,203.10","1,188.60",0.20K,0.73%
"Apr 14, 2015","1,192.80","1,198.80","1,200.60","1,184.10",0.55K,-0.54%
"Apr 13, 2015","1,199.30","1,208.10","1,208.10","1,198.30",0.42K,-0.44%
"Apr 10, 2015","1,204.60","1,195.80","1,210.40","1,194.00",0.20K,0.92%
"Apr 09, 2015","1,193.60","1,201.70","1,202.50","1,193.00",0.52K,-0.79%
"Apr 08, 2015","1,203.10","1,208.90","1,211.40","1,197.60",0.24K,-0.62%
"Apr 07, 2015","1,210.60","1,214.80","1,214.80","1,208.20",0.41K,-0.66%
"Apr 06, 2015","1,218.60","1,209.90","1,224.20","1,209.90",0.34K,1.47%
"Apr 03, 2015","1,200.90","1,200.90","1,200.90","1,200.90",-,0.00%
"Apr 02, 2015","1,200.90","1,204.00","1,205.70","1,194.80",1.68K,-0.60%
"Apr 01, 2015","1,208.10","1,182.90","1,208.20","1,181.00",1.63K,2.11%
"Mar 31, 2015","1,183.10","1,185.80","1,190.10","1,178.20",3.41K,-0.14%
"Mar 30, 2015","1,184.80","1,198.00","1,198.50","1,181.60",37.99K,-1.25%
"Mar 27, 2015","1,199.80","1,197.00","1,197.00","1,196.30",0.00K,-0.44%
"Mar 26, 2015","1,205.10","1,198.20","1,213.70","1,198.20",0.07K,0.65%
"Mar 25, 2015","1,197.30","1,192.50","1,199.20","1,190.30",0.01K,0.47%
"Mar 24, 2015","1,191.70","1,188.00","1,193.00","1,186.00",0.41K,0.31%
"Mar 23, 2015","1,188.00","1,181.60","1,182.90","1,181.20",0.01K,0.27%
"Mar 20, 2015","1,184.80","1,171.00","1,185.40","1,171.00",0.05K,1.34%
"Mar 19, 2015","1,169.10","1,171.60","1,171.60","1,159.30",0.04K,1.54%
"Mar 18, 2015","1,151.40","1,148.70","1,174.30","1,147.00",0.11K,0.27%
"Mar 17, 2015","1,148.30","1,153.60","1,158.20","1,144.30",0.07K,-0.43%
"Mar 16, 2015","1,153.30","1,159.70","1,162.30","1,150.10",0.06K,0.06%
"Mar 13, 2015","1,152.60","1,158.20","1,159.20","1,152.70",0.04K,0.04%
"Mar 12, 2015","1,152.10","1,155.40","1,160.50","1,149.70",0.06K,0.12%
"Mar 11, 2015","1,150.70","1,162.00","1,163.50","1,147.70",0.07K,-0.81%
"Mar 10, 2015","1,160.10","1,166.40","1,168.40","1,156.50",0.09K,-0.54%
"Mar 09, 2015","1,166.40","1,169.40","1,174.20","1,166.30",0.05K,0.20%
"Mar 06, 2015","1,164.10","1,195.00","1,195.70","1,163.70",0.17K,-2.66%
"Mar 05, 2015","1,195.90","1,201.70","1,205.40","1,196.00",0.03K,-0.39%
"Mar 04, 2015","1,200.60","1,204.80","1,206.90","1,198.00",0.03K,-0.28%
"Mar 03, 2015","1,204.00","1,201.50","1,212.00","1,195.00",0.05K,-0.31%
"Mar 02, 2015","1,207.70","1,214.30","1,222.70","1,204.90",0.12K,-0.40%
"Feb 27, 2015","1,212.60","1,207.70","1,217.80","1,204.50",0.20K,0.25%
"Feb 26, 2015","1,209.60","1,204.80","1,219.00","1,204.80",0.56K,0.72%
"Feb 25, 2015","1,201.00","1,204.30","1,204.60","1,203.00",0.02K,0.34%
"Feb 24, 2015","1,196.90","1,203.40","1,203.50","1,193.80",0.15K,-0.28%
"Feb 23, 2015","1,200.30","1,201.30","1,203.30","1,191.60",0.27K,-0.34%
"Feb 20, 2015","1,204.40","1,206.50","1,213.10","1,199.10",0.05K,-0.22%
"Feb 19, 2015","1,207.10","1,216.50","1,220.00","1,205.00",0.07K,0.62%
"Feb 18, 2015","1,199.70","1,207.10","1,210.20","1,197.80",0.15K,-0.70%
"Feb 17, 2015","1,208.10","1,227.70","1,234.00","1,203.00",0.20K,-1.92%
"Feb 16, 2015","1,231.70","1,228.70","1,236.40","1,228.50",-,0.24%
"Feb 15, 2015","1,228.80","1,228.20","1,229.30","1,227.80",-,0.19%
"Feb 13, 2015","1,226.50","1,222.20","1,232.80","1,222.20",0.07K,0.52%
"Feb 12, 2015","1,220.10","1,217.90","1,229.80","1,217.90",0.10K,0.09%
"Feb 11, 2015","1,219.00","1,233.30","1,237.40","1,219.70",0.10K,-1.02%
"Feb 10, 2015","1,231.60","1,237.50","1,245.00","1,231.20",0.23K,-0.74%
"Feb 09, 2015","1,240.80","1,237.50","1,242.30","1,235.40",0.32K,0.56%
"Feb 06, 2015","1,233.90","1,265.00","1,267.60","1,228.00",0.43K,-2.23%
"Feb 05, 2015","1,262.00","1,271.80","1,272.60","1,257.80",0.13K,-0.14%
"Feb 04, 2015","1,263.80","1,262.00","1,271.60","1,256.80",0.67K,0.33%
"Feb 03, 2015","1,259.70","1,273.50","1,284.70","1,255.30",2.38K,-1.29%
"Feb 02, 2015","1,276.20","1,284.10","1,284.10","1,266.00",1.65K,-0.18%
"Jan 30, 2015","1,278.50","1,258.00","1,284.30","1,257.00",8.63K,1.90%
"Jan 29, 2015","1,254.60","1,283.30","1,285.40","1,251.00",67.98K,-2.43%
"Jan 28, 2015","1,285.90","1,285.90","1,286.80","1,285.90",0.03K,-0.45%
"Jan 27, 2015","1,291.70","1,277.20","1,288.80","1,277.20",0.02K,0.96%
"Jan 26, 2015","1,279.40","1,289.50","1,290.60","1,279.40",0.03K,-1.02%
"Jan 23, 2015","1,292.60","1,299.80","1,299.80","1,298.60",0.02K,-0.62%
"Jan 22, 2015","1,300.70","1,293.20","1,302.10","1,283.50",0.13K,0.54%
"Jan 21, 2015","1,293.70","1,295.20","1,303.50","1,286.70",0.08K,-0.04%
"Jan 20, 2015","1,294.20","1,278.90","1,297.30","1,273.80",0.16K,1.43%
"Jan 19, 2015","1,275.90","1,279.40","1,279.50","1,272.50",-,-0.24%
"Jan 18, 2015","1,279.00","1,281.00","1,281.90","1,275.70",-,0.16%
"Jan 16, 2015","1,276.90","1,256.10","1,279.70","1,256.10",0.04K,0.96%
"Jan 15, 2015","1,264.70","1,231.50","1,265.00","1,227.30",0.13K,2.45%
"Jan 14, 2015","1,234.40","1,229.60","1,243.80","1,225.60",0.02K,0.01%
"Jan 13, 2015","1,234.30","1,239.20","1,239.30","1,230.30",0.02K,0.13%
"Jan 12, 2015","1,232.70","1,224.20","1,234.40","1,219.10",0.10K,1.37%
"Jan 09, 2015","1,216.00","1,211.10","1,220.20","1,210.30",0.04K,0.63%
"Jan 08, 2015","1,208.40","1,207.00","1,215.70","1,206.30",0.09K,-0.18%
"Jan 07, 2015","1,210.60","1,219.20","1,219.20","1,211.80",0.03K,-0.71%
"Jan 06, 2015","1,219.30","1,203.50","1,220.00","1,203.50",0.10K,1.28%
"Jan 05, 2015","1,203.90","1,180.30","1,206.90","1,180.10",0.47K,1.51%
"Jan 02, 2015","1,186.00","1,184.00","1,194.50","1,169.50",0.14K,-0.07%
"Jan 01, 2015","1,186.80","1,184.10","1,187.50","1,184.10",-,0.24%
"Dec 31, 2014","1,183.90","1,199.20","1,199.20","1,182.70",0.09K,-1.36%
"Dec 30, 2014","1,200.20","1,181.40","1,210.30","1,181.40",0.19K,1.57%
"Dec 29, 2014","1,181.70","1,186.50","1,186.50","1,181.30",0.06K,-1.14%
"Dec 26, 2014","1,195.30","1,177.20","1,194.40","1,177.20",0.12K,1.55%
"Dec 25, 2014","1,177.00","1,175.00","1,178.90","1,175.00",-,0.30%
"Dec 24, 2014","1,173.50","1,177.00","1,179.30","1,173.70",0.02K,-0.37%
"Dec 23, 2014","1,177.90","1,179.30","1,180.30","1,175.00",0.23K,-0.15%
"Dec 22, 2014","1,179.70","1,198.00","1,198.00","1,172.70",0.22K,-1.35%
"Dec 19, 2014","1,195.90","1,198.00","1,200.80","1,196.50",0.10K,0.10%
"Dec 18, 2014","1,194.70","1,189.70","1,207.30","1,189.70",0.20K,0.03%
"Dec 17, 2014","1,194.30","1,198.20","1,199.60","1,184.00",0.09K,0.03%
"Dec 16, 2014","1,193.90","1,197.20","1,222.00","1,192.70",0.22K,-1.10%
"Dec 15, 2014","1,207.20","1,223.10","1,223.10","1,198.00",0.08K,-1.21%
"Dec 12, 2014","1,222.00","1,227.80","1,227.80","1,216.20",0.20K,-0.25%
"Dec 11, 2014","1,225.10","1,226.60","1,232.00","1,216.20",0.26K,-0.31%
"Dec 10, 2014","1,228.90","1,231.20","1,234.60","1,226.60",0.31K,-0.21%
"Dec 09, 2014","1,231.50","1,202.00","1,238.00","1,202.00",0.31K,3.08%
"Dec 08, 2014","1,194.70","1,190.60","1,207.00","1,187.20",0.18K,0.39%
"Dec 05, 2014","1,190.10","1,203.10","1,206.00","1,186.70",0.56K,-1.44%
"Dec 04, 2014","1,207.50","1,208.20","1,213.00","1,201.60",0.36K,-0.08%
"Dec 03, 2014","1,208.50","1,198.10","1,213.70","1,196.10",0.44K,0.78%
"Dec 02, 2014","1,199.20","1,212.30","1,212.30","1,191.30",1.24K,-1.54%
"Dec 01, 2014","1,218.00","1,160.00","1,220.40","1,141.70",5.52K,3.64%
"Nov 28, 2014","1,175.20","1,197.00","1,198.30","1,163.80",11.18K,-1.14%
"Nov 27, 2014","1,188.80","1,197.30","1,199.30","1,185.40",-,-0.65%
"Nov 26, 2014","1,196.60","1,200.50","1,201.00","1,193.70",75.30K,-0.04%
"Nov 25, 2014","1,197.10","1,197.10","1,197.10","1,197.10",0.00K,0.13%
"Nov 24, 2014","1,195.50","1,197.70","1,197.90","1,196.50",0.02K,-0.17%
"Nov 21, 2014","1,197.50","1,191.00","1,202.40","1,189.00",0.02K,0.57%
"Nov 20, 2014","1,190.70","1,191.80","1,191.90","1,190.70",0.00K,-0.24%
"Nov 19, 2014","1,193.60","1,196.50","1,198.30","1,190.00",0.02K,-0.26%
"Nov 18, 2014","1,196.70","1,197.10","1,197.10","1,193.90",0.00K,1.16%
"Nov 17, 2014","1,183.00","1,183.10","1,186.90","1,180.60",0.02K,-0.17%
"Nov 14, 2014","1,185.00","1,155.20","1,191.00","1,148.00",0.49K,2.06%
"Nov 13, 2014","1,161.10","1,163.70","1,164.50","1,155.00",1.05K,0.19%
"Nov 12, 2014","1,158.90","1,162.50","1,168.10","1,157.50",0.02K,-0.34%
"Nov 11, 2014","1,162.80","1,155.00","1,170.50","1,151.60",0.02K,0.28%
"Nov 10, 2014","1,159.60","1,171.00","1,171.00","1,150.70",0.04K,-0.85%
"Nov 07, 2014","1,169.60","1,139.90","1,169.70","1,132.90",0.10K,2.39%
"Nov 06, 2014","1,142.30","1,141.10","1,147.50","1,137.90",0.14K,-0.27%
"Nov 05, 2014","1,145.40","1,168.10","1,168.70","1,137.80",0.16K,-1.88%
"Nov 04, 2014","1,167.40","1,166.90","1,171.00","1,165.00",0.04K,-0.17%
"Nov 03, 2014","1,169.40","1,166.40","1,172.30","1,163.10",0.06K,-0.15%
"Oct 31, 2014","1,171.10","1,199.60","1,199.70","1,161.40",0.26K,-2.25%
"Oct 30, 2014","1,198.10","1,213.70","1,214.70","1,195.80",0.52K,-2.14%
"Oct 29, 2014","1,224.30","1,224.30","1,224.30","1,224.30",-,-0.40%
"Oct 28, 2014","1,229.20","1,224.90","1,231.00","1,224.70",0.05K,0.01%
"Oct 27, 2014","1,229.10","1,230.20","1,230.20","1,227.30",0.28K,-0.17%
"Oct 24, 2014","1,231.20","1,229.40","1,232.70","1,229.40",0.07K,0.22%
"Oct 23, 2014","1,228.50","1,228.00","1,228.00","1,227.90",0.00K,-1.31%
"Oct 22, 2014","1,244.80","1,244.80","1,244.80","1,244.30",0.00K,-0.50%
"Oct 21, 2014","1,251.00","1,251.00","1,251.00","1,251.00",0.05K,0.56%
"Oct 20, 2014","1,244.00","1,237.30","1,244.00","1,235.40",0.11K,0.46%
"Oct 17, 2014","1,238.30","1,237.40","1,237.50","1,232.60",0.36K,-0.18%
"Oct 16, 2014","1,240.50","1,242.10","1,243.00","1,236.70",0.01K,-0.29%
"Oct 15, 2014","1,244.10","1,243.70","1,247.00","1,230.90",0.25K,0.85%
"Oct 14, 2014","1,233.60","1,235.90","1,235.90","1,235.80",0.07K,0.35%
"Oct 13, 2014","1,229.30","1,229.80","1,234.00","1,227.00",0.10K,0.68%
"Oct 10, 2014","1,221.00","1,223.50","1,223.50","1,217.00",0.19K,-0.29%
"Oct 09, 2014","1,224.60","1,223.90","1,229.00","1,223.90",0.02K,1.60%
"Oct 08, 2014","1,205.30","1,210.20","1,217.90","1,207.00",0.01K,-0.53%
"Oct 07, 2014","1,211.70","1,209.10","1,210.80","1,205.30",0.27K,0.41%
"Oct 06, 2014","1,206.70","1,187.70","1,208.00","1,182.80",0.42K,1.22%
"Oct 03, 2014","1,192.20","1,212.40","1,212.40","1,191.00",0.50K,-1.81%
"Oct 02, 2014","1,214.20","1,215.30","1,219.50","1,210.30",0.18K,-0.03%
"Oct 01, 2014","1,214.60","1,207.70","1,217.80","1,205.50",0.18K,0.34%
"Sep 30, 2014","1,210.50","1,214.80","1,218.20","1,204.00",0.68K,-0.57%
"Sep 29, 2014","1,217.50","1,216.30","1,222.20","1,214.70",6.34K,0.28%
"Sep 26, 2014","1,214.10","1,214.10","1,214.10","1,214.10",0.00K,-0.58%
"Sep 25, 2014","1,221.20","1,209.50","1,216.10","1,209.50",0.01K,0.21%
"Sep 24, 2014","1,218.60","1,216.80","1,216.80","1,216.80",0.00K,-0.20%
"Sep 23, 2014","1,221.00","1,221.00","1,221.00","1,221.00",0.01K,0.35%
"Sep 22, 2014","1,216.80","1,214.90","1,214.90","1,212.40",0.01K,0.12%
"Sep 19, 2014","1,215.30","1,218.30","1,218.30","1,218.30",0.00K,-0.85%
"Sep 18, 2014","1,225.70","1,216.20","1,220.40","1,216.20",0.01K,-0.70%
"Sep 17, 2014","1,234.40","1,236.20","1,236.20","1,221.90",0.01K,-0.06%
"Sep 16, 2014","1,235.20","1,238.30","1,238.30","1,235.90",0.00K,0.13%
"Sep 15, 2014","1,233.60","1,226.70","1,235.00","1,226.70",0.02K,0.30%
"Sep 12, 2014","1,229.90","1,227.00","1,227.00","1,227.00",0.05K,-0.61%
"Sep 11, 2014","1,237.40","1,237.40","1,237.40","1,237.40",-,-0.49%
"Sep 10, 2014","1,243.50","1,256.70","1,256.70","1,243.50",0.10K,-0.26%
"Sep 09, 2014","1,246.80","1,246.80","1,246.80","1,246.80",-,-0.47%
"Sep 08, 2014","1,252.70","1,268.40","1,268.40","1,262.20",0.00K,-1.03%
"Sep 05, 2014","1,265.80","1,263.20","1,268.10","1,263.20",0.12K,0.06%
"Sep 04, 2014","1,265.10","1,268.70","1,272.70","1,260.30",0.29K,-0.30%
"Sep 03, 2014","1,268.90","1,266.30","1,271.10","1,263.10",0.28K,0.41%
"Sep 02, 2014","1,263.70","1,284.50","1,286.40","1,262.50",0.28K,-1.84%
"Sep 01, 2014","1,287.40","1,287.60","1,290.90","1,285.90",-,-0.02%
"Aug 31, 2014","1,287.70","1,288.50","1,289.00","1,286.80",-,0.15%
"Aug 29, 2014","1,285.80","1,289.50","1,289.70","1,284.80",0.12K,-0.23%
"Aug 28, 2014","1,288.70","1,284.50","1,293.70","1,284.30",0.82K,0.53%
"Aug 27, 2014","1,281.90","1,281.50","1,282.30","1,281.50",0.04K,-0.15%
"Aug 26, 2014","1,283.80","1,289.40","1,289.50","1,281.10",0.07K,0.51%
"Aug 25, 2014","1,277.30","1,277.30","1,277.60","1,273.70",0.25K,-0.10%
"Aug 22, 2014","1,278.60","1,276.00","1,280.00","1,275.00",0.12K,0.38%
"Aug 21, 2014","1,273.70","1,290.00","1,290.00","1,272.00",0.26K,-1.52%
"Aug 20, 2014","1,293.40","1,295.40","1,295.80","1,288.40",0.33K,-0.13%
"Aug 19, 2014","1,295.10","1,298.80","1,301.70","1,294.00",0.14K,-0.20%
"Aug 18, 2014","1,297.70","1,301.40","1,302.10","1,295.70",0.10K,-0.52%
"Aug 15, 2014","1,304.50","1,311.70","1,312.80","1,292.00",0.20K,-0.72%
"Aug 14, 2014","1,313.90","1,311.80","1,316.40","1,309.70",0.32K,0.08%
"Aug 13, 2014","1,312.80","1,308.80","1,312.60","1,305.00",0.24K,0.31%
"Aug 12, 2014","1,308.80","1,306.20","1,315.80","1,305.80",0.44K,0.02%
"Aug 11, 2014","1,308.50","1,308.40","1,309.70","1,305.30",0.19K,-0.03%
"Aug 08, 2014","1,308.90","1,310.80","1,322.10","1,308.00",0.59K,-0.14%
"Aug 07, 2014","1,310.80","1,305.30","1,313.20","1,302.50",0.23K,0.31%
"Aug 06, 2014","1,306.70","1,288.10","1,309.00","1,287.80",0.71K,1.77%
"Aug 05, 2014","1,284.00","1,288.00","1,292.70","1,282.60",0.83K,-0.29%
"Aug 04, 2014","1,287.70","1,294.40","1,295.00","1,285.90",0.92K,-0.46%
"Aug 01, 2014","1,293.60","1,284.10","1,296.60","1,279.70",1.99K,0.96%
"Jul 31, 2014","1,281.30","1,295.10","1,297.30","1,280.60",5.66K,-1.05%
"Jul 30, 2014","1,294.90","1,298.60","1,303.00","1,291.00",36.19K,-0.26%
"Jul 29, 2014","1,298.30","1,310.90","1,310.90","1,310.00",0.05K,-0.38%
"Jul 28, 2014","1,303.30","1,307.40","1,308.00","1,304.30",0.05K,0.02%
"Jul 25, 2014","1,303.10","1,294.80","1,294.80","1,294.80",0.01K,0.97%
"Jul 24, 2014","1,290.60","1,297.50","1,297.50","1,297.50",0.00K,-1.07%
"Jul 23, 2014","1,304.50","1,304.50","1,304.50","1,304.50",-,-0.12%
"Jul 22, 2014","1,306.10","1,306.10","1,306.10","1,306.10",0.00K,-0.58%
"Jul 21, 2014","1,313.70","1,311.00","1,315.50","1,311.00",0.02K,0.34%
"Jul 18, 2014","1,309.20","1,322.70","1,322.70","1,306.20",0.03K,-0.57%
"Jul 17, 2014","1,316.70","1,303.10","1,323.80","1,303.10",0.02K,1.32%
"Jul 16, 2014","1,299.60","1,298.40","1,303.10","1,296.90",0.03K,0.21%
"Jul 15, 2014","1,296.90","1,307.40","1,312.10","1,294.10",0.37K,-0.72%
"Jul 14, 2014","1,306.30","1,332.80","1,332.80","1,304.70",0.10K,-2.30%
"Jul 11, 2014","1,337.00","1,337.90","1,339.00","1,336.20",0.11K,-0.13%
"Jul 10, 2014","1,338.70","1,330.50","1,343.70","1,328.00",0.03K,1.13%
"Jul 09, 2014","1,323.80","1,324.00","1,330.40","1,324.00",0.02K,0.59%
"Jul 08, 2014","1,316.00","1,318.40","1,323.50","1,316.00",0.01K,-0.04%
"Jul 07, 2014","1,316.50","1,319.60","1,320.30","1,313.20",0.09K,-0.36%
"Jul 04, 2014","1,321.30","1,321.10","1,324.00","1,319.60",-,0.07%
"Jul 03, 2014","1,320.40","1,327.30","1,327.70","1,313.00",0.04K,-0.77%
"Jul 02, 2014","1,330.70","1,326.80","1,330.70","1,326.80",0.23K,0.32%
"Jul 01, 2014","1,326.40","1,326.70","1,331.40","1,326.20",0.05K,0.35%
"Jun 30, 2014","1,321.80","1,315.30","1,328.70","1,311.80",0.74K,0.21%
"Jun 27, 2014","1,319.00","1,317.40","1,320.90","1,313.30",0.63K,0.22%
"Jun 26, 2014","1,316.10","1,319.60","1,319.60","1,312.40",0.59K,-0.46%
"Jun 25, 2014","1,322.20","1,315.30","1,323.40","1,312.00",0.29K,0.10%
"Jun 24, 2014","1,320.90","1,315.60","1,325.60","1,315.60",0.22K,0.22%
"Jun 23, 2014","1,318.00","1,312.30","1,316.90","1,312.30",0.14K,0.14%
"Jun 20, 2014","1,316.20","1,321.40","1,321.40","1,306.80",0.25K,0.19%
"Jun 19, 2014","1,313.70","1,277.20","1,321.00","1,277.20",0.60K,3.25%
"Jun 18, 2014","1,272.40","1,269.90","1,272.70","1,267.40",0.14K,0.06%
"Jun 17, 2014","1,271.70","1,272.80","1,272.80","1,260.90",0.82K,-0.25%
"Jun 16, 2014","1,274.90","1,279.80","1,283.50","1,270.80",0.33K,0.09%
"Jun 13, 2014","1,273.70","1,272.50","1,274.70","1,271.30",0.15K,0.01%
"Jun 12, 2014","1,273.60","1,260.00","1,274.50","1,260.00",0.13K,1.02%
"Jun 11, 2014","1,260.80","1,259.90","1,264.40","1,259.10",0.13K,0.08%
"Jun 10, 2014","1,259.80","1,252.40","1,262.30","1,251.00",1.01K,0.50%
"Jun 09, 2014","1,253.50","1,252.70","1,256.10","1,251.80",0.10K,0.11%
"Jun 06, 2014","1,252.10","1,253.40","1,256.60","1,246.30",0.38K,-0.07%
"Jun 05, 2014","1,253.00","1,244.00","1,256.60","1,241.20",1.32K,0.72%
"Jun 04, 2014","1,244.00","1,245.10","1,248.80","1,242.70",0.60K,-0.02%
"Jun 03, 2014","1,244.30","1,244.10","1,247.50","1,240.50",0.65K,0.05%
"Jun 02, 2014","1,243.70","1,250.00","1,250.70","1,240.90",0.77K,-0.15%
"May 30, 2014","1,245.60","1,255.10","1,259.60","1,241.80",3.84K,-0.85%
"May 29, 2014","1,256.30","1,258.30","1,260.60","1,250.90",38.05K,-0.24%
"May 28, 2014","1,259.30","1,259.30","1,259.30","1,263.60",-,-0.48%
"May 27, 2014","1,265.40","1,291.90","1,291.90","1,276.00",0.03K,-2.10%
"May 26, 2014","1,292.50","1,291.60","1,294.40","1,291.40",-,0.06%
"May 25, 2014","1,291.70","1,293.90","1,294.20","1,291.10",-,0.01%
"May 23, 2014","1,291.60","1,293.20","1,293.40","1,293.20",0.00K,-0.25%
"May 22, 2014","1,294.90","1,294.20","1,295.00","1,294.20",0.00K,0.54%
"May 21, 2014","1,288.00","1,287.40","1,287.40","1,287.40",0.00K,-0.50%
"May 20, 2014","1,294.50","1,290.70","1,290.70","1,290.10",0.01K,0.06%
"May 19, 2014","1,293.70","1,293.70","1,293.70","1,293.70",0.04K,0.03%
"May 16, 2014","1,293.30","1,293.30","1,293.30","1,293.30",0.01K,-0.02%
"May 15, 2014","1,293.50","1,302.50","1,302.50","1,292.80",0.03K,-0.93%
"May 14, 2014","1,305.70","1,292.80","1,306.90","1,292.80",0.03K,0.86%
"May 13, 2014","1,294.60","1,295.50","1,295.50","1,292.00",0.02K,-0.08%
"May 12, 2014","1,295.60","1,282.10","1,295.90","1,281.20",0.02K,0.64%
"May 09, 2014","1,287.30","1,287.30","1,287.30","1,287.30",0.00K,-0.01%
"May 08, 2014","1,287.40","1,291.50","1,291.50","1,285.50",0.07K,-0.09%
"May 07, 2014","1,288.60","1,310.30","1,312.00","1,288.00",0.02K,-1.51%
"May 06, 2014","1,308.30","1,309.40","1,309.40","1,306.90",0.01K,-0.05%
"May 05, 2014","1,309.00","1,305.60","1,314.20","1,305.50",0.03K,0.49%
"May 02, 2014","1,302.60","1,276.70","1,302.70","1,276.70",0.09K,1.52%
"May 01, 2014","1,283.10","1,288.70","1,288.70","1,278.00",0.03K,-0.96%
"Apr 30, 2014","1,295.60","1,296.00","1,296.50","1,286.60",0.18K,-0.03%
"Apr 29, 2014","1,296.00","1,295.50","1,300.50","1,289.10",0.90K,-0.22%
"Apr 28, 2014","1,298.90","1,305.40","1,305.40","1,293.00",0.06K,-0.14%
"Apr 25, 2014","1,300.70","1,293.80","1,304.60","1,293.80",0.27K,0.79%
"Apr 24, 2014","1,290.50","1,284.60","1,297.90","1,272.40",0.52K,0.49%
"Apr 23, 2014","1,284.20","1,284.30","1,287.70","1,282.40",0.18K,0.28%
"Apr 22, 2014","1,280.60","1,289.20","1,291.60","1,276.00",0.10K,-0.57%
"Apr 21, 2014","1,288.00","1,290.00","1,299.20","1,283.70",0.10K,-0.42%
"Apr 17, 2014","1,293.40","1,300.10","1,303.00","1,292.50",0.12K,-0.74%
"Apr 16, 2014","1,303.10","1,302.70","1,304.00","1,295.00",0.18K,0.24%
"Apr 15, 2014","1,300.00","1,322.70","1,322.70","1,291.50",0.24K,-2.05%
"Apr 14, 2014","1,327.20","1,320.10","1,330.00","1,320.10",0.33K,0.64%
"Apr 11, 2014","1,318.70","1,319.00","1,322.80","1,316.30",0.08K,-0.11%
"Apr 10, 2014","1,320.10","1,311.80","1,323.80","1,311.20",0.13K,1.12%
"Apr 09, 2014","1,305.50","1,309.50","1,313.60","1,301.10",0.19K,-0.24%
"Apr 08, 2014","1,308.70","1,296.60","1,314.10","1,296.60",0.26K,0.82%
"Apr 07, 2014","1,298.00","1,301.40","1,304.00","1,296.30",0.36K,-0.40%
"Apr 04, 2014","1,303.20","1,285.50","1,306.10","1,284.40",0.98K,1.46%
"Apr 03, 2014","1,284.40","1,290.80","1,293.60","1,282.70",0.78K,-0.47%
"Apr 02, 2014","1,290.50","1,280.20","1,294.10","1,280.20",1.10K,0.85%
"Apr 01, 2014","1,279.60","1,285.10","1,287.90","1,277.30",0.88K,-0.30%
"Mar 31, 2014","1,283.40","1,294.30","1,298.80","1,282.40",4.12K,-0.80%
"Mar 28, 2014","1,293.80","1,292.20","1,299.40","1,285.90",65.49K,-0.07%
"Mar 27, 2014","1,294.70","1,294.70","1,294.70","1,294.70",-,-0.67%
"Mar 26, 2014","1,303.40","1,315.20","1,315.20","1,311.80",0.00K,-0.61%
"Mar 25, 2014","1,311.40","1,315.50","1,315.50","1,307.50",0.05K,0.02%
"Mar 24, 2014","1,311.20","1,333.00","1,333.00","1,310.50",0.10K,-1.86%
"Mar 21, 2014","1,336.00","1,339.10","1,339.10","1,335.00",0.00K,0.41%
"Mar 20, 2014","1,330.50","1,333.70","1,333.70","1,325.80",0.07K,-0.81%
"Mar 19, 2014","1,341.40","1,357.10","1,358.00","1,332.70",0.06K,-1.30%
"Mar 18, 2014","1,359.00","1,359.30","1,361.80","1,353.40",0.04K,-1.01%
"Mar 17, 2014","1,372.90","1,386.10","1,391.40","1,372.20",0.03K,-0.44%
"Mar 14, 2014","1,379.00","1,376.10","1,386.60","1,369.80",0.09K,0.50%
"Mar 13, 2014","1,372.20","1,366.80","1,374.50","1,366.50",0.02K,0.14%
"Mar 12, 2014","1,370.30","1,349.10","1,370.50","1,348.70",0.06K,1.77%
"Mar 11, 2014","1,346.50","1,340.00","1,352.40","1,338.10",0.05K,0.38%
"Mar 10, 2014","1,341.40","1,336.00","1,344.70","1,330.50",0.10K,0.25%
"Mar 07, 2014","1,338.10","1,349.50","1,352.70","1,329.20",0.10K,-1.01%
"Mar 06, 2014","1,351.70","1,338.00","1,351.60","1,333.30",0.06K,0.86%
"Mar 05, 2014","1,340.20","1,334.80","1,341.00","1,334.80",0.03K,0.18%
"Mar 04, 2014","1,337.80","1,350.40","1,350.40","1,332.20",0.08K,-0.91%
"Mar 03, 2014","1,350.10","1,335.90","1,354.10","1,332.90",0.23K,2.17%
"Feb 28, 2014","1,321.40","1,329.80","1,332.60","1,321.10",0.24K,-0.77%
"Feb 27, 2014","1,331.60","1,329.30","1,335.00","1,324.60",0.37K,0.26%
"Feb 26, 2014","1,328.20","1,341.20","1,344.00","1,325.60",0.06K,-1.10%
"Feb 25, 2014","1,343.00","1,336.40","1,343.90","1,333.10",0.29K,0.35%
"Feb 24, 2014","1,338.30","1,324.30","1,339.00","1,321.40",0.09K,1.09%
"Feb 21, 2014","1,323.90","1,320.00","1,328.30","1,317.40",0.17K,0.52%
"Feb 20, 2014","1,317.10","1,310.70","1,323.50","1,309.60",0.12K,-0.27%
"Feb 19, 2014","1,320.60","1,318.30","1,321.60","1,309.10",0.19K,-0.31%
"Feb 18, 2014","1,324.70","1,322.90","1,330.60","1,313.90",0.37K,-0.29%
"Feb 17, 2014","1,328.50","1,323.70","1,332.20","1,321.10",-,0.72%
"Feb 14, 2014","1,319.00","1,301.70","1,320.70","1,301.50",0.31K,1.43%
"Feb 13, 2014","1,300.40","1,293.30","1,303.50","1,287.50",0.88K,0.39%
"Feb 12, 2014","1,295.30","1,290.50","1,296.20","1,285.50",0.14K,0.40%
"Feb 11, 2014","1,290.10","1,274.00","1,292.00","1,273.80",0.56K,1.20%
"Feb 10, 2014","1,274.80","1,269.60","1,277.30","1,265.70",0.74K,0.91%
"Feb 07, 2014","1,263.30","1,258.30","1,271.40","1,257.90",0.44K,0.45%
"Feb 06, 2014","1,257.60","1,258.00","1,267.00","1,253.50",0.27K,0.02%
"Feb 05, 2014","1,257.30","1,254.00","1,273.70","1,253.10",1.62K,0.45%
"Feb 04, 2014","1,251.70","1,258.40","1,260.70","1,247.80",1.75K,-0.69%
"Feb 03, 2014","1,260.40","1,242.40","1,266.30","1,241.20",2.91K,1.64%
"Jan 31, 2014","1,240.10","1,243.60","1,254.50","1,238.40",5.82K,-0.17%
"Jan 30, 2014","1,242.20","1,267.00","1,267.70","1,237.50",45.28K,-1.58%
"Jan 29, 2014","1,262.20","1,262.20","1,262.20","1,262.20",-,0.90%
"Jan 28, 2014","1,251.00","1,257.90","1,258.40","1,257.90",0.02K,-1.00%
"Jan 27, 2014","1,263.60","1,259.80","1,264.40","1,254.40",0.09K,-0.07%
"Jan 24, 2014","1,264.50","1,258.30","1,269.40","1,258.30",0.04K,0.15%
"Jan 23, 2014","1,262.60","1,235.20","1,264.20","1,235.20",0.04K,1.90%
"Jan 22, 2014","1,239.00","1,241.70","1,242.00","1,240.10",0.06K,-0.27%
"Jan 21, 2014","1,242.30","1,256.40","1,257.50","1,240.00",0.22K,-1.02%
"Jan 20, 2014","1,255.10","1,255.70","1,257.90","1,253.10",-,0.27%
"Jan 17, 2014","1,251.70","1,239.70","1,254.30","1,239.70",0.10K,0.94%
"Jan 16, 2014","1,240.00","1,239.30","1,242.80","1,238.70",0.05K,0.15%
"Jan 15, 2014","1,238.10","1,243.10","1,243.20","1,238.20",0.07K,-0.57%
"Jan 14, 2014","1,245.20","1,251.00","1,251.30","1,242.00",0.04K,-0.46%
"Jan 13, 2014","1,250.90","1,250.60","1,252.70","1,245.50",0.05K,0.34%
"Jan 10, 2014","1,246.70","1,235.00","1,246.80","1,234.00",0.06K,1.42%
"Jan 09, 2014","1,229.30","1,225.80","1,229.00","1,225.80",0.01K,0.33%
"Jan 08, 2014","1,225.30","1,227.50","1,227.50","1,218.60",0.19K,-0.33%
"Jan 07, 2014","1,229.40","1,239.30","1,242.40","1,226.00",0.07K,-0.68%
"Jan 06, 2014","1,237.80","1,232.80","1,247.00","1,221.90",0.13K,-0.05%
"Jan 03, 2014","1,238.40","1,221.70","1,239.00","1,221.70",0.14K,1.09%
"Jan 02, 2014","1,225.00","1,204.30","1,227.30","1,204.30",0.21K,1.63%
"Jan 01, 2014","1,205.40","1,203.60","1,205.40","1,202.80",-,0.29%
